datetime_utc,bz_gsm_nt,flow_speed_kms,sym_h_nt
2001-03-29 00:00:00,-1.71,569.9,-46
2001-03-29 00:05:00,-1.79,568.5,-46
2001-03-29 00:10:00,-2.05,569.1,-47
2001-03-29 00:15:00,-2.15,567.5,-49
2001-03-29 00:20:00,-2.06,567.3,-49
2001-03-29 00:25:00,-2.14,564.8,-49
2001-03-29 00:30:00,-2.26,565.6,-51
2001-03-29 00:35:00,-2.34,566.7,-52
2001-03-29 00:40:00,-2.01,565.7,-52
2001-03-29 00:45:00,-1.95,565.6,-52
2001-03-29 00:50:00,-2.21,564.2,-51
2001-03-29 00:55:00,-2.37,562.2,-51
2001-03-29 01:00:00,-2.27,562.0,-53
2001-03-29 01:05:00,-2.33,561.3,-52
2001-03-29 01:10:00,-2.08,560.8,-51
2001-03-29 01:15:00,-2.15,563.2,-51
2001-03-29 01:20:00,-2.25,562.6,-53
2001-03-29 01:25:00,-2.37,562.1,-53
2001-03-29 01:30:00,-2.22,560.0,-53
2001-03-29 01:35:00,-2.56,559.4,-53
2001-03-29 01:40:00,-2.50,560.5,-54
2001-03-29 01:45:00,-2.35,558.7,-53
2001-03-29 01:50:00,-2.56,557.3,-51
2001-03-29 01:55:00,-1.98,554.4,-49
2001-03-29 02:00:00,-1.06,555.1,-47
2001-03-29 02:05:00,-1.76,553.4,-42
2001-03-29 02:10:00,-1.28,553.5,-41
2001-03-29 02:15:00,-0.02,549.5,-41
2001-03-29 02:20:00,1.60,542.1,-42
2001-03-29 02:25:00,1.83,540.9,-43
2001-03-29 02:30:00,0.97,545.1,-43
2001-03-29 02:35:00,-0.03,544.5,-43
2001-03-29 02:40:00,-1.04,544.9,-44
2001-03-29 02:45:00,-1.12,544.3,-43
2001-03-29 02:50:00,-0.68,544.8,-42
2001-03-29 02:55:00,-0.30,542.3,-42
2001-03-29 03:00:00,-1.53,542.9,-40
2001-03-29 03:05:00,-2.52,543.2,-44
2001-03-29 03:10:00,-2.31,544.0,-43
2001-03-29 03:15:00,-0.69,540.2,-42
2001-03-29 03:20:00,-0.67,541.2,-42
2001-03-29 03:25:00,-2.20,545.6,-41
2001-03-29 03:30:00,-2.08,547.0,-44
2001-03-29 03:35:00,-2.00,548.6,-45
2001-03-29 03:40:00,-1.97,546.4,-45
2001-03-29 03:45:00,-1.84,542.0,-45
2001-03-29 03:50:00,-1.72,543.2,-45
2001-03-29 03:55:00,-1.73,539.9,-46
2001-03-29 04:00:00,-1.94,539.3,-48
2001-03-29 04:05:00,-2.38,537.8,-49
2001-03-29 04:10:00,-2.46,535.5,-50
2001-03-29 04:15:00,-2.73,535.8,-50
2001-03-29 04:20:00,-2.71,535.7,-50
2001-03-29 04:25:00,-2.61,534.1,-50
2001-03-29 04:30:00,-2.64,530.1,-50
2001-03-29 04:35:00,-3.07,528.7,-50
2001-03-29 04:40:00,-3.53,529.4,-51
2001-03-29 04:45:00,-3.58,530.0,-51
2001-03-29 04:50:00,-3.71,530.2,-49
2001-03-29 04:55:00,-4.33,536.8,-45
2001-03-29 05:00:00,-4.73,541.4,-42
2001-03-29 05:05:00,-4.63,542.2,-41
2001-03-29 05:10:00,-5.14,545.3,-43
2001-03-29 05:15:00,-5.15,542.1,-44
2001-03-29 05:20:00,-2.24,547.4,-45
2001-03-29 05:25:00,0.91,550.5,-38
2001-03-29 05:30:00,-1.12,554.6,-35
2001-03-29 05:35:00,-3.26,554.9,-43
2001-03-29 05:40:00,2.40,563.3,-44
2001-03-29 05:45:00,-0.47,564.2,-44
2001-03-29 05:50:00,-2.63,561.2,-45
2001-03-29 05:55:00,-0.66,559.8,-44
2001-03-29 06:00:00,1.54,554.1,-40
2001-03-29 06:05:00,4.43,550.7,-25
2001-03-29 06:10:00,2.15,552.5,-20
2001-03-29 06:15:00,0.54,550.7,-19
2001-03-29 06:20:00,-0.81,549.5,-21
2001-03-29 06:25:00,-2.52,551.2,-21
2001-03-29 06:30:00,-3.26,551.5,-24
2001-03-29 06:35:00,-3.95,554.7,-25
2001-03-29 06:40:00,-1.64,548.1,-23
2001-03-29 06:45:00,-1.90,550.8,-21
2001-03-29 06:50:00,-3.61,550.0,-23
2001-03-29 06:55:00,-3.17,545.0,-27
2001-03-29 07:00:00,-3.25,546.6,-25
2001-03-29 07:05:00,-2.36,549.7,-27
2001-03-29 07:10:00,-2.03,552.1,-29
2001-03-29 07:15:00,-0.42,548.6,-23
2001-03-29 07:20:00,0.27,545.2,-29
2001-03-29 07:25:00,0.68,547.2,-33
2001-03-29 07:30:00,1.00,545.4,-28
2001-03-29 07:35:00,1.51,545.5,-26
2001-03-29 07:40:00,1.27,543.1,-30
2001-03-29 07:45:00,1.80,545.2,-35
2001-03-29 07:50:00,1.91,566.8,-33
2001-03-29 07:55:00,1.64,566.2,-27
2001-03-29 08:00:00,1.56,564.5,-22
2001-03-29 08:05:00,1.45,565.3,-26
2001-03-29 08:10:00,1.06,566.8,-29
2001-03-29 08:15:00,0.57,558.6,-31
2001-03-29 08:20:00,0.39,554.4,-29
2001-03-29 08:25:00,-0.13,556.2,-26
2001-03-29 08:30:00,0.49,557.1,-25
2001-03-29 08:35:00,1.25,559.5,-26
2001-03-29 08:40:00,2.30,559.1,-26
2001-03-29 08:45:00,2.45,559.9,-25
2001-03-29 08:50:00,2.15,561.5,-27
2001-03-29 08:55:00,1.81,559.3,-29
2001-03-29 09:00:00,1.64,558.9,-31
2001-03-29 09:05:00,2.13,558.1,-31
2001-03-29 09:10:00,1.70,556.6,-32
2001-03-29 09:15:00,1.31,555.2,-29
2001-03-29 09:20:00,2.65,554.4,-30
2001-03-29 09:25:00,3.17,552.7,-29
2001-03-29 09:30:00,2.72,554.1,-27
2001-03-29 09:35:00,1.85,554.2,-27
2001-03-29 09:40:00,1.82,551.2,-27
2001-03-29 09:45:00,2.19,549.7,-27
2001-03-29 09:50:00,3.34,548.7,-27
2001-03-29 09:55:00,3.36,544.6,-27
2001-03-29 10:00:00,3.08,547.1,-29
2001-03-29 10:05:00,1.91,545.9,-27
2001-03-29 10:10:00,0.80,540.6,-25
2001-03-29 10:15:00,1.21,540.2,-21
2001-03-29 10:20:00,0.85,541.1,-17
2001-03-29 10:25:00,0.80,541.3,-17
2001-03-29 10:30:00,0.68,541.7,-17
2001-03-29 10:35:00,0.31,542.3,-18
2001-03-29 10:40:00,0.33,544.1,-20
2001-03-29 10:45:00,0.45,542.7,-22
2001-03-29 10:50:00,0.66,541.8,-19
2001-03-29 10:55:00,0.46,541.8,-20
2001-03-29 11:00:00,1.44,542.9,-23
2001-03-29 11:05:00,1.17,541.5,-23
2001-03-29 11:10:00,0.98,539.1,-24
2001-03-29 11:15:00,1.13,536.1,-25
2001-03-29 11:20:00,1.22,539.6,-26
2001-03-29 11:25:00,1.30,525.5,-27
2001-03-29 11:30:00,1.64,521.3,-30
2001-03-29 11:35:00,1.71,525.9,-32
2001-03-29 11:40:00,1.45,531.1,-33
2001-03-29 11:45:00,1.71,532.7,-32
2001-03-29 11:50:00,2.06,527.2,-32
2001-03-29 11:55:00,1.51,522.3,-30
2001-03-29 12:00:00,1.09,523.7,-30
2001-03-29 12:05:00,1.21,524.8,-27
2001-03-29 12:10:00,1.06,519.4,-25
2001-03-29 12:15:00,0.45,526.5,-26
2001-03-29 12:20:00,1.37,524.1,-26
2001-03-29 12:25:00,-0.06,523.9,-26
2001-03-29 12:30:00,0.35,518.8,-25
2001-03-29 12:35:00,0.75,515.7,-25
2001-03-29 12:40:00,1.43,,-30
2001-03-29 12:45:00,1.45,514.9,-29
2001-03-29 12:50:00,0.87,514.9,-31
2001-03-29 12:55:00,2.62,520.8,-33
2001-03-29 13:00:00,1.37,524.6,-32
2001-03-29 13:05:00,1.29,528.9,-31
2001-03-29 13:10:00,1.19,525.4,-31
2001-03-29 13:15:00,0.36,519.0,-33
2001-03-29 13:20:00,-0.37,519.2,-30
2001-03-29 13:25:00,-0.70,520.0,-30
2001-03-29 13:30:00,-0.40,518.8,-28
2001-03-29 13:35:00,-0.42,519.3,-27
2001-03-29 13:40:00,-0.50,517.6,-26
2001-03-29 13:45:00,-1.00,520.1,-26
2001-03-29 13:50:00,-1.18,514.4,-26
2001-03-29 13:55:00,0.03,517.2,-27
2001-03-29 14:00:00,0.17,513.5,-27
2001-03-29 14:05:00,0.15,519.2,-27
2001-03-29 14:10:00,0.09,521.4,-27
2001-03-29 14:15:00,0.22,518.7,-26
2001-03-29 14:20:00,0.14,517.7,-27
2001-03-29 14:25:00,0.16,516.7,-28
2001-03-29 14:30:00,-0.47,505.1,-28
2001-03-29 14:35:00,-0.14,504.6,-28
2001-03-29 14:40:00,-0.13,504.4,-27
2001-03-29 14:45:00,-0.03,503.3,-27
2001-03-29 14:50:00,0.12,508.7,-27
2001-03-29 14:55:00,0.09,506.7,-27
2001-03-29 15:00:00,0.08,510.5,-26
2001-03-29 15:05:00,0.11,511.8,-21
2001-03-29 15:10:00,0.28,511.5,-19
2001-03-29 15:15:00,-0.01,503.9,-19
2001-03-29 15:20:00,-0.29,505.4,-19
2001-03-29 15:25:00,-0.55,502.6,-19
2001-03-29 15:30:00,-0.26,501.3,-19
2001-03-29 15:35:00,-0.07,502.3,-19
2001-03-29 15:40:00,0.55,500.5,-17
2001-03-29 15:45:00,0.95,499.6,-17
2001-03-29 15:50:00,0.36,499.4,-19
2001-03-29 15:55:00,0.13,497.1,-20
2001-03-29 16:00:00,0.94,497.7,-21
2001-03-29 16:05:00,0.85,497.1,-18
2001-03-29 16:10:00,0.59,495.9,-23
2001-03-29 16:15:00,0.01,493.3,-24
2001-03-29 16:20:00,-0.15,492.7,-24
2001-03-29 16:25:00,-0.01,498.8,-26
2001-03-29 16:30:00,-0.77,508.4,-27
2001-03-29 16:35:00,-0.77,506.9,-30
2001-03-29 16:40:00,-0.42,500.7,-32
2001-03-29 16:45:00,-0.61,488.4,-32
2001-03-29 16:50:00,-0.66,495.3,-31
2001-03-29 16:55:00,-0.65,496.0,-30
2001-03-29 17:00:00,-0.59,497.5,-29
2001-03-29 17:05:00,-0.46,493.4,-27
2001-03-29 17:10:00,-0.42,486.1,-26
2001-03-29 17:15:00,-0.51,490.1,-24
2001-03-29 17:20:00,-0.50,483.1,-22
2001-03-29 17:25:00,-0.40,487.0,-22
2001-03-29 17:30:00,-0.29,485.4,-23
2001-03-29 17:35:00,-0.20,487.1,-23
2001-03-29 17:40:00,-0.17,482.9,-23
2001-03-29 17:45:00,-0.15,485.9,-22
2001-03-29 17:50:00,-0.29,487.1,-21
2001-03-29 17:55:00,-0.21,476.5,-20
2001-03-29 18:00:00,-0.16,477.0,-20
2001-03-29 18:05:00,-0.13,478.5,-20
2001-03-29 18:10:00,0.03,482.4,-20
2001-03-29 18:15:00,0.06,483.2,-19
2001-03-29 18:20:00,-0.45,482.1,-21
2001-03-29 18:25:00,-0.61,482.6,-21
2001-03-29 18:30:00,-0.95,481.1,-22
2001-03-29 18:35:00,-1.26,481.0,-23
2001-03-29 18:40:00,-1.34,481.7,-24
2001-03-29 18:45:00,-1.14,478.6,-24
2001-03-29 18:50:00,-0.47,477.6,-22
2001-03-29 18:55:00,-0.13,483.3,-20
2001-03-29 19:00:00,0.11,,-21
2001-03-29 19:05:00,0.06,,-23
2001-03-29 19:10:00,-0.45,487.1,-22
2001-03-29 19:15:00,-0.88,486.9,-21
2001-03-29 19:20:00,-0.56,489.3,-23
2001-03-29 19:25:00,-0.43,489.0,-22
2001-03-29 19:30:00,-0.41,489.4,-23
2001-03-29 19:35:00,-0.97,483.1,-22
2001-03-29 19:40:00,-0.07,485.6,-21
2001-03-29 19:45:00,-0.07,484.3,-22
2001-03-29 19:50:00,-0.08,485.2,-23
2001-03-29 19:55:00,-1.55,485.9,-21
2001-03-29 20:00:00,-0.48,487.1,-20
2001-03-29 20:05:00,-0.18,485.6,-23
2001-03-29 20:10:00,0.56,483.5,-24
2001-03-29 20:15:00,1.20,482.0,-25
2001-03-29 20:20:00,0.20,484.7,-25
2001-03-29 20:25:00,0.07,485.1,-26
2001-03-29 20:30:00,0.49,483.7,-24
2001-03-29 20:35:00,0.48,483.5,-25
2001-03-29 20:40:00,0.93,481.0,-26
2001-03-29 20:45:00,1.11,478.9,-26
2001-03-29 20:50:00,1.00,475.7,-29
2001-03-29 20:55:00,0.98,474.7,-29
2001-03-29 21:00:00,0.96,473.2,-30
2001-03-29 21:05:00,0.74,471.4,-31
2001-03-29 21:10:00,1.08,472.9,-30
2001-03-29 21:15:00,0.77,475.9,-30
2001-03-29 21:20:00,0.63,475.6,-30
2001-03-29 21:25:00,0.62,474.5,-30
2001-03-29 21:30:00,0.36,476.2,-30
2001-03-29 21:35:00,0.85,474.9,-30
2001-03-29 21:40:00,0.63,475.0,-30
2001-03-29 21:45:00,1.16,476.3,-31
2001-03-29 21:50:00,1.19,475.5,-31
2001-03-29 21:55:00,0.71,474.2,-31
2001-03-29 22:00:00,0.62,474.9,-31
2001-03-29 22:05:00,0.32,474.8,-31
2001-03-29 22:10:00,0.52,474.5,-31
2001-03-29 22:15:00,-0.35,477.9,-31
2001-03-29 22:20:00,-0.82,480.0,-33
2001-03-29 22:25:00,-0.83,480.9,-33
2001-03-29 22:30:00,-0.69,481.4,-33
2001-03-29 22:35:00,-0.72,479.1,-31
2001-03-29 22:40:00,-0.55,480.3,-31
2001-03-29 22:45:00,-0.84,480.6,-30
2001-03-29 22:50:00,-0.92,478.5,-30
2001-03-29 22:55:00,-0.99,476.2,-30
2001-03-29 23:00:00,-1.08,473.9,-30
2001-03-29 23:05:00,-0.71,472.2,-28
2001-03-29 23:10:00,-0.59,470.7,-27
2001-03-29 23:15:00,-1.00,470.5,-26
2001-03-29 23:20:00,-0.98,470.6,-26
2001-03-29 23:25:00,-0.27,465.0,-25
2001-03-29 23:30:00,-0.12,464.9,-24
2001-03-29 23:35:00,-0.00,464.3,-25
2001-03-29 23:40:00,0.04,462.5,-26
2001-03-29 23:45:00,0.13,462.5,-26
2001-03-29 23:50:00,0.14,463.5,-26
2001-03-29 23:55:00,0.15,462.3,-26
2001-03-30 00:00:00,-0.09,461.5,-27
2001-03-30 00:05:00,0.48,461.9,-26
2001-03-30 00:10:00,0.70,463.9,-26
2001-03-30 00:15:00,0.33,463.8,-27
2001-03-30 00:20:00,0.67,462.1,-26
2001-03-30 00:25:00,1.23,466.4,-26
2001-03-30 00:30:00,0.79,462.9,-26
2001-03-30 00:35:00,0.51,460.4,-26
2001-03-30 00:40:00,-0.80,449.0,-26
2001-03-30 00:45:00,-0.70,449.4,-25
2001-03-30 00:50:00,1.30,465.7,-26
2001-03-30 00:55:00,0.89,461.1,-25
2001-03-30 01:00:00,0.12,458.7,-23
2001-03-30 01:05:00,0.22,461.9,-20
2001-03-30 01:10:00,0.36,466.8,-23
2001-03-30 01:15:00,0.43,468.7,-29
2001-03-30 01:20:00,0.41,469.5,-28
2001-03-30 01:25:00,0.30,468.8,-27
2001-03-30 01:30:00,0.25,466.4,-27
2001-03-30 01:35:00,0.29,467.1,-27
2001-03-30 01:40:00,0.21,467.0,-27
2001-03-30 01:45:00,0.27,466.9,-26
2001-03-30 01:50:00,0.20,466.2,-26
2001-03-30 01:55:00,0.22,465.7,-25
2001-03-30 02:00:00,0.34,464.4,-24
2001-03-30 02:05:00,0.43,460.0,-23
2001-03-30 02:10:00,0.40,458.2,-22
2001-03-30 02:15:00,0.10,460.7,-22
2001-03-30 02:20:00,-0.55,467.9,-24
2001-03-30 02:25:00,-0.23,472.1,-26
2001-03-30 02:30:00,-0.08,471.3,-25
2001-03-30 02:35:00,-0.06,469.5,-25
2001-03-30 02:40:00,0.05,469.7,-25
2001-03-30 02:45:00,0.20,470.0,-25
2001-03-30 02:50:00,0.31,468.7,-25
2001-03-30 02:55:00,0.13,470.1,-25
2001-03-30 03:00:00,0.35,467.2,-25
2001-03-30 03:05:00,0.51,466.9,-25
2001-03-30 03:10:00,0.66,465.8,-25
2001-03-30 03:15:00,0.74,465.0,-25
2001-03-30 03:20:00,0.72,463.5,-24
2001-03-30 03:25:00,0.66,458.5,-23
2001-03-30 03:30:00,0.65,452.8,-19
2001-03-30 03:35:00,1.49,456.0,-15
2001-03-30 03:40:00,1.78,454.8,-15
2001-03-30 03:45:00,1.17,455.2,-15
2001-03-30 03:50:00,1.19,456.5,-15
2001-03-30 03:55:00,1.21,456.4,-15
2001-03-30 04:00:00,1.23,453.5,-15
2001-03-30 04:05:00,0.44,447.4,-14
2001-03-30 04:10:00,1.45,452.3,-14
2001-03-30 04:15:00,1.24,451.6,-19
2001-03-30 04:20:00,1.29,456.3,-18
2001-03-30 04:25:00,1.01,459.3,-16
2001-03-30 04:30:00,0.72,451.5,-16
2001-03-30 04:35:00,0.08,449.5,-15
2001-03-30 04:40:00,-0.08,449.1,-13
2001-03-30 04:45:00,-0.70,451.1,-10
2001-03-30 04:50:00,-0.66,452.9,-7
2001-03-30 04:55:00,-0.81,452.7,-5
2001-03-30 05:00:00,-0.13,452.6,-4
2001-03-30 05:05:00,0.39,451.4,-5
2001-03-30 05:10:00,0.21,449.8,-7
2001-03-30 05:15:00,1.40,450.0,-8
2001-03-30 05:20:00,1.33,448.9,-10
2001-03-30 05:25:00,1.47,451.1,-12
2001-03-30 05:30:00,0.84,452.7,-11
2001-03-30 05:35:00,0.40,454.8,-9
2001-03-30 05:40:00,0.08,454.7,-8
2001-03-30 05:45:00,-0.50,454.7,-6
2001-03-30 05:50:00,-0.98,455.5,-5
2001-03-30 05:55:00,0.10,453.3,-5
2001-03-30 06:00:00,0.66,452.2,-5
2001-03-30 06:05:00,0.79,450.9,-5
2001-03-30 06:10:00,0.70,451.3,-5
2001-03-30 06:15:00,0.60,450.7,-5
2001-03-30 06:20:00,0.41,451.6,-5
2001-03-30 06:25:00,0.46,451.0,-6
2001-03-30 06:30:00,0.48,451.1,-6
2001-03-30 06:35:00,0.41,451.8,-6
2001-03-30 06:40:00,0.31,451.8,-5
2001-03-30 06:45:00,0.30,451.4,-4
2001-03-30 06:50:00,0.22,451.7,-4
2001-03-30 06:55:00,0.19,452.4,-4
2001-03-30 07:00:00,-0.34,452.1,-6
2001-03-30 07:05:00,-1.00,452.0,-5
2001-03-30 07:10:00,-0.93,451.6,-4
2001-03-30 07:15:00,-0.84,451.8,-4
2001-03-30 07:20:00,-0.36,450.2,-5
2001-03-30 07:25:00,-0.41,448.8,-7
2001-03-30 07:30:00,-0.04,448.8,-7
2001-03-30 07:35:00,0.11,448.5,-7
2001-03-30 07:40:00,-0.06,448.3,-8
2001-03-30 07:45:00,-0.59,448.7,-8
2001-03-30 07:50:00,-0.87,449.5,-4
2001-03-30 07:55:00,-0.94,449.0,-5
2001-03-30 08:00:00,-0.50,448.5,-5
2001-03-30 08:05:00,-0.45,447.6,-7
2001-03-30 08:10:00,-0.29,448.9,-8
2001-03-30 08:15:00,-0.37,449.8,-8
2001-03-30 08:20:00,-0.03,449.4,-6
2001-03-30 08:25:00,-0.03,449.3,-7
2001-03-30 08:30:00,0.00,448.9,-8
2001-03-30 08:35:00,0.01,448.7,-8
2001-03-30 08:40:00,0.12,447.0,-7
2001-03-30 08:45:00,0.19,445.1,-6
2001-03-30 08:50:00,-0.05,445.5,-4
2001-03-30 08:55:00,-0.10,444.3,-6
2001-03-30 09:00:00,-0.49,444.9,-5
2001-03-30 09:05:00,-0.92,444.2,-5
2001-03-30 09:10:00,-1.01,443.5,-6
2001-03-30 09:15:00,-0.62,442.5,-7
2001-03-30 09:20:00,-0.96,439.9,-8
2001-03-30 09:25:00,-1.13,434.9,-8
2001-03-30 09:30:00,-0.86,433.1,-8
2001-03-30 09:35:00,-0.64,432.3,-8
2001-03-30 09:40:00,-0.33,435.2,-8
2001-03-30 09:45:00,-0.39,438.4,-7
2001-03-30 09:50:00,-0.60,437.0,-7
2001-03-30 09:55:00,-0.82,438.9,-8
2001-03-30 10:00:00,-0.87,441.1,-7
2001-03-30 10:05:00,-0.37,440.2,-8
2001-03-30 10:10:00,-0.33,440.2,-8
2001-03-30 10:15:00,-0.43,439.9,-9
2001-03-30 10:20:00,-0.33,441.8,-10
2001-03-30 10:25:00,-0.08,439.6,-11
2001-03-30 10:30:00,-0.39,438.6,-12
2001-03-30 10:35:00,-0.51,437.6,-13
2001-03-30 10:40:00,-0.42,437.4,-14
2001-03-30 10:45:00,-0.60,437.4,-14
2001-03-30 10:50:00,-0.79,436.2,-15
2001-03-30 10:55:00,-0.74,435.5,-16
2001-03-30 11:00:00,-0.57,433.6,-16
2001-03-30 11:05:00,-0.80,434.1,-18
2001-03-30 11:10:00,-0.56,433.8,-19
2001-03-30 11:15:00,-0.44,433.5,-19
2001-03-30 11:20:00,-0.69,433.7,-18
2001-03-30 11:25:00,-0.63,433.0,-18
2001-03-30 11:30:00,-0.60,433.2,-18
2001-03-30 11:35:00,-0.56,433.2,-18
2001-03-30 11:40:00,-0.57,431.6,-17
2001-03-30 11:45:00,-0.65,429.9,-17
2001-03-30 11:50:00,-0.52,429.6,-17
2001-03-30 11:55:00,-0.45,429.8,-16
2001-03-30 12:00:00,-0.20,429.2,-15
2001-03-30 12:05:00,-0.20,428.1,-14
2001-03-30 12:10:00,-0.06,431.6,-13
2001-03-30 12:15:00,0.00,431.6,-12
2001-03-30 12:20:00,-0.22,429.4,-12
2001-03-30 12:25:00,-0.03,431.0,-11
2001-03-30 12:30:00,-0.05,425.5,-11
2001-03-30 12:35:00,-0.08,421.0,-12
2001-03-30 12:40:00,-0.09,425.4,-13
2001-03-30 12:45:00,0.92,427.0,-13
2001-03-30 12:50:00,0.39,427.7,-11
2001-03-30 12:55:00,0.08,427.6,-13
2001-03-30 13:00:00,0.01,429.1,-15
2001-03-30 13:05:00,-1.57,433.5,-15
2001-03-30 13:10:00,-1.53,432.4,-15
2001-03-30 13:15:00,-1.63,432.0,-14
2001-03-30 13:20:00,-1.50,430.0,-13
2001-03-30 13:25:00,-0.64,428.8,-13
2001-03-30 13:30:00,-1.20,431.9,-15
2001-03-30 13:35:00,-0.39,429.3,-17
2001-03-30 13:40:00,0.05,429.5,-17
2001-03-30 13:45:00,0.06,429.5,-18
2001-03-30 13:50:00,0.07,429.7,-18
2001-03-30 13:55:00,-0.26,430.5,-18
2001-03-30 14:00:00,0.30,430.8,-18
2001-03-30 14:05:00,0.63,430.5,-18
2001-03-30 14:10:00,1.24,429.5,-17
2001-03-30 14:15:00,1.28,429.7,-17
2001-03-30 14:20:00,1.39,430.4,-17
2001-03-30 14:25:00,0.55,426.3,-15
2001-03-30 14:30:00,1.20,421.6,-13
2001-03-30 14:35:00,0.80,423.3,-12
2001-03-30 14:40:00,0.75,425.5,-12
2001-03-30 14:45:00,1.23,422.7,-12
2001-03-30 14:50:00,1.43,422.6,-11
2001-03-30 14:55:00,0.84,422.9,-10
2001-03-30 15:00:00,-0.66,422.8,-9
2001-03-30 15:05:00,0.13,422.0,-9
2001-03-30 15:10:00,-0.54,419.6,-8
2001-03-30 15:15:00,-0.70,418.9,-8
2001-03-30 15:20:00,-0.93,417.5,-9
2001-03-30 15:25:00,-1.25,418.5,-7
2001-03-30 15:30:00,-1.05,419.0,-8
2001-03-30 15:35:00,-0.89,416.0,-8
2001-03-30 15:40:00,-0.92,415.0,-10
2001-03-30 15:45:00,-0.88,414.1,-10
2001-03-30 15:50:00,-0.58,412.1,-9
2001-03-30 15:55:00,-0.86,412.7,-9
2001-03-30 16:00:00,-0.76,411.6,-9
2001-03-30 16:05:00,-0.80,412.4,-9
2001-03-30 16:10:00,-1.19,409.4,-9
2001-03-30 16:15:00,-0.97,409.9,-9
2001-03-30 16:20:00,-0.70,405.9,-8
2001-03-30 16:25:00,-0.95,408.4,-8
2001-03-30 16:30:00,-0.57,406.5,-7
2001-03-30 16:35:00,-0.41,405.1,-6
2001-03-30 16:40:00,-0.55,404.3,-5
2001-03-30 16:45:00,-0.44,403.3,-4
2001-03-30 16:50:00,-0.25,404.6,-5
2001-03-30 16:55:00,-0.21,405.3,-5
2001-03-30 17:00:00,0.06,405.8,-3
2001-03-30 17:05:00,0.16,404.4,-3
2001-03-30 17:10:00,-0.40,403.6,-2
2001-03-30 17:15:00,-0.73,403.7,-1
2001-03-30 17:20:00,-0.86,403.6,-1
2001-03-30 17:25:00,-0.64,403.6,-1
2001-03-30 17:30:00,-0.66,402.8,-1
2001-03-30 17:35:00,-0.39,402.5,-1
2001-03-30 17:40:00,0.21,402.2,-1
2001-03-30 17:45:00,-0.05,403.6,1
2001-03-30 17:50:00,-0.55,402.6,1
2001-03-30 17:55:00,-0.32,400.1,2
2001-03-30 18:00:00,-0.63,402.1,3
2001-03-30 18:05:00,-1.02,403.9,3
2001-03-30 18:10:00,-0.27,401.9,5
2001-03-30 18:15:00,-1.08,407.5,12
2001-03-30 18:20:00,0.45,410.2,20
2001-03-30 18:25:00,1.83,410.1,23
2001-03-30 18:30:00,2.29,406.1,19
2001-03-30 18:35:00,2.56,402.8,15
2001-03-30 18:40:00,2.71,403.7,14
2001-03-30 18:45:00,2.85,401.3,8
2001-03-30 18:50:00,2.34,403.3,5
2001-03-30 18:55:00,1.55,403.5,1
2001-03-30 19:00:00,1.87,396.8,-3
2001-03-30 19:05:00,2.14,394.3,-4
2001-03-30 19:10:00,2.06,395.3,-3
2001-03-30 19:15:00,1.63,392.6,-2
2001-03-30 19:20:00,1.76,402.0,-2
2001-03-30 19:25:00,1.45,406.6,-1
2001-03-30 19:30:00,0.74,409.3,1
2001-03-30 19:35:00,0.25,409.6,2
2001-03-30 19:40:00,0.68,410.7,2
2001-03-30 19:45:00,1.00,414.2,3
2001-03-30 19:50:00,0.81,415.7,4
2001-03-30 19:55:00,0.64,413.9,5
2001-03-30 20:00:00,0.70,413.5,5
2001-03-30 20:05:00,0.79,416.5,7
2001-03-30 20:10:00,0.60,416.8,7
2001-03-30 20:15:00,0.19,415.8,8
2001-03-30 20:20:00,0.27,414.6,9
2001-03-30 20:25:00,0.13,414.6,6
2001-03-30 20:30:00,0.39,413.7,7
2001-03-30 20:35:00,1.65,413.1,5
2001-03-30 20:40:00,1.74,413.8,4
2001-03-30 20:45:00,1.13,413.8,6
2001-03-30 20:50:00,0.49,418.5,8
2001-03-30 20:55:00,0.33,425.5,8
2001-03-30 21:00:00,-0.40,421.8,8
2001-03-30 21:05:00,-0.45,414.6,6
2001-03-30 21:10:00,-0.90,412.7,3
2001-03-30 21:15:00,0.02,411.3,1
2001-03-30 21:20:00,0.87,410.8,-1
2001-03-30 21:25:00,0.61,410.3,-2
2001-03-30 21:30:00,0.03,414.3,1
2001-03-30 21:35:00,-0.69,413.5,5
2001-03-30 21:40:00,0.08,411.0,6
2001-03-30 21:45:00,0.55,414.9,2
2001-03-30 21:50:00,-0.29,415.3,3
2001-03-30 21:55:00,0.45,416.7,2
2001-03-30 22:00:00,0.70,418.2,4
2001-03-30 22:05:00,1.03,419.2,5
2001-03-30 22:10:00,0.99,419.1,10
2001-03-30 22:15:00,0.92,418.1,14
2001-03-30 22:20:00,0.90,417.3,18
2001-03-30 22:25:00,0.65,417.7,22
2001-03-30 22:30:00,-1.50,423.9,25
2001-03-30 22:35:00,-2.08,422.1,25
2001-03-30 22:40:00,-2.74,422.1,26
2001-03-30 22:45:00,-3.54,423.5,27
2001-03-30 22:50:00,-5.30,430.1,24
2001-03-30 22:55:00,-4.84,427.2,23
2001-03-30 23:00:00,-4.23,424.3,20
2001-03-30 23:05:00,-3.81,424.1,19
2001-03-30 23:10:00,-2.84,426.4,15
2001-03-30 23:15:00,-2.16,428.9,12
2001-03-30 23:20:00,-3.32,429.3,9
2001-03-30 23:25:00,-3.39,428.3,9
2001-03-30 23:30:00,-3.18,428.3,8
2001-03-30 23:35:00,-3.33,429.4,6
2001-03-30 23:40:00,-2.55,431.4,5
2001-03-30 23:45:00,-1.54,434.6,6
2001-03-30 23:50:00,-2.77,427.8,-2
2001-03-30 23:55:00,-3.29,425.4,-3
2001-03-31 00:00:00,-3.41,422.1,-5
2001-03-31 00:05:00,-3.26,421.7,-3
2001-03-31 00:10:00,-4.94,421.6,2
2001-03-31 00:15:00,-5.15,425.1,-7
2001-03-31 00:20:00,-6.43,425.1,-11
2001-03-31 00:25:00,-4.53,425.0,-8
2001-03-31 00:30:00,-1.84,425.9,-4
2001-03-31 00:35:00,-1.60,425.8,1
2001-03-31 00:40:00,-2.32,424.3,-6
2001-03-31 00:45:00,-2.67,424.3,-5
2001-03-31 00:50:00,-1.91,424.7,29
2001-03-31 00:55:00,-3.14,422.8,109
2001-03-31 01:00:00,15.24,618.1,65
2001-03-31 01:05:00,14.98,515.0,21
2001-03-31 01:10:00,26.75,554.2,36
2001-03-31 01:15:00,52.87,604.6,-15
2001-03-31 01:20:00,52.01,597.5,-25
2001-03-31 01:25:00,47.59,600.3,-20
2001-03-31 01:30:00,46.11,598.7,-11
2001-03-31 01:35:00,42.48,597.1,-4
2001-03-31 01:40:00,29.98,593.1,-1
2001-03-31 01:45:00,36.52,585.8,-1
2001-03-31 01:50:00,31.52,581.9,-2
2001-03-31 01:55:00,28.81,579.8,6
2001-03-31 02:00:00,28.41,583.2,7
2001-03-31 02:05:00,30.29,559.1,1
2001-03-31 02:10:00,30.53,550.9,1
2001-03-31 02:15:00,27.97,552.5,4
2001-03-31 02:20:00,31.55,569.1,5
2001-03-31 02:25:00,36.26,,-6
2001-03-31 02:30:00,25.02,636.0,-7
2001-03-31 02:35:00,6.00,666.7,0
2001-03-31 02:40:00,-2.89,691.0,21
2001-03-31 02:45:00,-0.71,685.2,35
2001-03-31 02:50:00,12.36,706.1,16
2001-03-31 02:55:00,6.35,723.8,67
2001-03-31 03:00:00,18.61,773.8,77
2001-03-31 03:05:00,36.76,754.5,41
2001-03-31 03:10:00,7.94,692.8,25
2001-03-31 03:15:00,7.45,656.3,14
2001-03-31 03:20:00,-9.48,730.5,31
2001-03-31 03:25:00,-17.59,713.0,23
2001-03-31 03:30:00,-18.33,696.1,30
2001-03-31 03:35:00,-15.85,674.3,35
2001-03-31 03:40:00,-1.79,664.9,26
2001-03-31 03:45:00,-10.33,691.5,29
2001-03-31 03:50:00,5.72,685.0,26
2001-03-31 03:55:00,8.99,702.2,26
2001-03-31 04:00:00,3.87,733.9,28
2001-03-31 04:05:00,8.94,719.5,26
2001-03-31 04:10:00,-5.23,729.1,53
2001-03-31 04:15:00,-12.30,730.0,36
2001-03-31 04:20:00,-27.80,725.1,42
2001-03-31 04:25:00,-34.61,701.4,-22
2001-03-31 04:30:00,-31.69,709.2,-29
2001-03-31 04:35:00,-33.78,710.3,-5
2001-03-31 04:40:00,-27.46,710.5,3
2001-03-31 04:45:00,-15.55,707.2,-11
2001-03-31 04:50:00,-26.23,706.5,-51
2001-03-31 04:55:00,-33.80,719.8,-68
2001-03-31 05:00:00,-29.57,718.8,-87
2001-03-31 05:05:00,-30.16,723.9,-102
2001-03-31 05:10:00,-27.09,701.3,-113
2001-03-31 05:15:00,-17.48,697.4,-121
2001-03-31 05:20:00,-28.96,705.8,-135
2001-03-31 05:25:00,-16.31,711.3,-153
2001-03-31 05:30:00,-6.98,716.2,-162
2001-03-31 05:35:00,-29.18,695.5,-191
2001-03-31 05:40:00,-38.26,667.2,-210
2001-03-31 05:45:00,-32.28,684.7,-219
2001-03-31 05:50:00,-39.84,704.5,-223
2001-03-31 05:55:00,-40.09,695.8,-244
2001-03-31 06:00:00,-40.68,710.8,-268
2001-03-31 06:05:00,-45.71,689.7,-283
2001-03-31 06:10:00,-46.21,680.5,-294
2001-03-31 06:15:00,-46.48,688.6,-287
2001-03-31 06:20:00,-45.82,686.7,-286
2001-03-31 06:25:00,-46.43,681.8,-290
2001-03-31 06:30:00,-46.46,677.7,-288
2001-03-31 06:35:00,-45.83,680.1,-260
2001-03-31 06:40:00,-44.48,687.1,-263
2001-03-31 06:45:00,-42.97,688.5,-273
2001-03-31 06:50:00,-41.06,688.7,-274
2001-03-31 06:55:00,-40.77,687.3,-274
2001-03-31 07:00:00,-40.81,684.8,-311
2001-03-31 07:05:00,-40.42,681.2,-341
2001-03-31 07:10:00,-39.98,672.2,-365
2001-03-31 07:15:00,-39.50,660.4,-379
2001-03-31 07:20:00,-37.58,664.1,-384
2001-03-31 07:25:00,-36.79,672.7,-398
2001-03-31 07:30:00,-36.87,667.3,-401
2001-03-31 07:35:00,-35.50,661.5,-403
2001-03-31 07:40:00,-36.17,675.6,-412
2001-03-31 07:45:00,-35.84,683.5,-411
2001-03-31 07:50:00,-30.56,666.7,-416
2001-03-31 07:55:00,-25.37,661.1,-410
2001-03-31 08:00:00,-8.68,662.9,-414
2001-03-31 08:05:00,-3.48,660.4,-431
2001-03-31 08:10:00,-1.04,668.5,-434
2001-03-31 08:15:00,4.52,676.2,-423
2001-03-31 08:20:00,24.67,642.2,-424
2001-03-31 08:25:00,27.62,654.1,-415
2001-03-31 08:30:00,33.01,640.3,-413
2001-03-31 08:35:00,31.16,634.2,-412
2001-03-31 08:40:00,29.97,631.1,-407
2001-03-31 08:45:00,31.43,612.7,-398
2001-03-31 08:50:00,28.88,610.0,-389
2001-03-31 08:55:00,27.66,624.7,-383
2001-03-31 09:00:00,31.50,605.4,-374
2001-03-31 09:05:00,32.59,594.6,-372
2001-03-31 09:10:00,26.61,564.4,-373
2001-03-31 09:15:00,30.40,569.7,-347
2001-03-31 09:20:00,28.83,573.9,-336
2001-03-31 09:25:00,25.59,579.8,-315
2001-03-31 09:30:00,26.64,595.2,-309
2001-03-31 09:35:00,26.80,598.4,-307
2001-03-31 09:40:00,29.19,596.2,-314
2001-03-31 09:45:00,29.86,587.2,-315
2001-03-31 09:50:00,30.59,582.9,-317
2001-03-31 09:55:00,30.61,580.5,-315
2001-03-31 10:00:00,30.36,582.3,-311
2001-03-31 10:05:00,30.19,587.2,-308
2001-03-31 10:10:00,30.64,584.9,-307
2001-03-31 10:15:00,30.46,587.3,-293
2001-03-31 10:20:00,30.04,582.3,-296
2001-03-31 10:25:00,29.30,576.0,-296
2001-03-31 10:30:00,29.40,570.6,-293
2001-03-31 10:35:00,28.52,573.3,-295
2001-03-31 10:40:00,21.66,570.1,-284
2001-03-31 10:45:00,1.35,604.9,-288
2001-03-31 10:50:00,7.01,624.0,-295
2001-03-31 10:55:00,14.34,602.0,-295
2001-03-31 11:00:00,16.70,,-291
2001-03-31 11:05:00,16.81,608.8,-301
2001-03-31 11:10:00,15.74,619.5,-299
2001-03-31 11:15:00,14.54,594.4,-291
2001-03-31 11:20:00,14.94,587.8,-283
2001-03-31 11:25:00,13.47,587.8,-280
2001-03-31 11:30:00,15.36,590.3,-279
2001-03-31 11:35:00,17.11,588.7,-276
2001-03-31 11:40:00,15.68,587.5,-272
2001-03-31 11:45:00,7.79,586.3,-272
2001-03-31 11:50:00,14.76,599.3,-266
2001-03-31 11:55:00,14.14,614.3,-260
2001-03-31 12:00:00,9.66,609.7,-263
2001-03-31 12:05:00,-2.77,606.6,-258
2001-03-31 12:10:00,8.72,609.4,-267
2001-03-31 12:15:00,11.02,610.7,-258
2001-03-31 12:20:00,9.86,613.5,-247
2001-03-31 12:25:00,10.35,619.1,-245
2001-03-31 12:30:00,6.20,617.2,-240
2001-03-31 12:35:00,-0.79,619.6,-239
2001-03-31 12:40:00,-7.46,634.2,-246
2001-03-31 12:45:00,-12.06,627.2,-239
2001-03-31 12:50:00,-15.02,617.8,-238
2001-03-31 12:55:00,-10.81,611.7,-237
2001-03-31 13:00:00,-24.20,612.7,-259
2001-03-31 13:05:00,-27.99,608.9,-262
2001-03-31 13:10:00,-6.54,604.9,-260
2001-03-31 13:15:00,21.41,619.4,-265
2001-03-31 13:20:00,12.22,622.7,-266
2001-03-31 13:25:00,16.96,627.0,-257
2001-03-31 13:30:00,17.86,621.1,-255
2001-03-31 13:35:00,15.47,619.6,-247
2001-03-31 13:40:00,17.43,621.1,-245
2001-03-31 13:45:00,20.47,624.0,-239
2001-03-31 13:50:00,21.19,627.6,-232
2001-03-31 13:55:00,20.12,611.1,-227
2001-03-31 14:00:00,22.59,614.7,-222
2001-03-31 14:05:00,22.34,617.9,-213
2001-03-31 14:10:00,24.35,624.3,-210
2001-03-31 14:15:00,23.11,620.9,-209
2001-03-31 14:20:00,21.00,615.9,-196
2001-03-31 14:25:00,-2.50,605.3,-198
2001-03-31 14:30:00,-7.78,632.7,-198
2001-03-31 14:35:00,-21.78,627.6,-193
2001-03-31 14:40:00,-33.22,634.7,-201
2001-03-31 14:45:00,-33.46,629.6,-202
2001-03-31 14:50:00,-36.10,622.1,-212
2001-03-31 14:55:00,-36.64,621.2,-216
2001-03-31 15:00:00,-35.70,616.3,-219
2001-03-31 15:05:00,-35.07,610.7,-222
2001-03-31 15:10:00,-35.35,611.6,-231
2001-03-31 15:15:00,-35.00,602.4,-235
2001-03-31 15:20:00,-34.00,628.8,-236
2001-03-31 15:25:00,-33.33,636.2,-240
2001-03-31 15:30:00,-33.97,632.3,-246
2001-03-31 15:35:00,-35.09,629.7,-251
2001-03-31 15:40:00,-35.00,620.8,-249
2001-03-31 15:45:00,-35.10,611.0,-243
2001-03-31 15:50:00,-34.68,608.4,-233
2001-03-31 15:55:00,-34.10,604.4,-229
2001-03-31 16:00:00,-33.91,613.8,-223
2001-03-31 16:05:00,-33.36,604.4,-223
2001-03-31 16:10:00,-33.19,606.5,-224
2001-03-31 16:15:00,-33.19,614.8,-223
2001-03-31 16:20:00,-33.41,614.3,-224
2001-03-31 16:25:00,-33.37,606.6,-226
2001-03-31 16:30:00,-33.38,606.8,-226
2001-03-31 16:35:00,-33.15,603.7,-227
2001-03-31 16:40:00,-33.35,595.9,-232
2001-03-31 16:45:00,-32.39,606.6,-237
2001-03-31 16:50:00,-30.47,593.3,-240
2001-03-31 16:55:00,-26.37,594.8,-243
2001-03-31 17:00:00,-25.98,589.2,-243
2001-03-31 17:05:00,-27.78,592.6,-244
2001-03-31 17:10:00,-30.26,593.9,-247
2001-03-31 17:15:00,-31.82,593.7,-253
2001-03-31 17:20:00,-31.50,587.7,-260
2001-03-31 17:25:00,-29.14,595.8,-264
2001-03-31 17:30:00,-28.59,593.6,-267
2001-03-31 17:35:00,-29.82,602.9,-269
2001-03-31 17:40:00,-28.67,605.7,-271
2001-03-31 17:45:00,-29.15,606.2,-268
2001-03-31 17:50:00,-29.05,613.5,-268
2001-03-31 17:55:00,-27.90,615.5,-267
2001-03-31 18:00:00,-28.16,619.8,-266
2001-03-31 18:05:00,-28.18,625.5,-266
2001-03-31 18:10:00,-22.22,628.3,-263
2001-03-31 18:15:00,-18.49,634.5,-260
2001-03-31 18:20:00,-22.00,617.0,-262
2001-03-31 18:25:00,-20.44,604.5,-267
2001-03-31 18:30:00,-18.63,584.5,-265
2001-03-31 18:35:00,-21.63,595.8,-260
2001-03-31 18:40:00,-22.14,603.9,-259
2001-03-31 18:45:00,-20.74,595.6,-261
2001-03-31 18:50:00,-20.59,594.6,-254
2001-03-31 18:55:00,-20.93,599.6,-255
2001-03-31 19:00:00,-21.85,608.3,-256
2001-03-31 19:05:00,-23.77,607.1,-268
2001-03-31 19:10:00,-23.71,604.2,-263
2001-03-31 19:15:00,-22.79,605.6,-252
2001-03-31 19:20:00,-22.55,607.9,-255
2001-03-31 19:25:00,-23.48,604.2,-266
2001-03-31 19:30:00,-23.25,607.7,-266
2001-03-31 19:35:00,-23.63,621.0,-269
2001-03-31 19:40:00,-22.74,620.4,-266
2001-03-31 19:45:00,-23.37,621.7,-255
2001-03-31 19:50:00,-23.39,625.5,-242
2001-03-31 19:55:00,-23.42,625.9,-233
2001-03-31 20:00:00,-20.77,618.8,-231
2001-03-31 20:05:00,-20.80,618.8,-232
2001-03-31 20:10:00,-20.28,621.4,-231
2001-03-31 20:15:00,-18.69,616.9,-231
2001-03-31 20:20:00,-17.00,579.2,-228
2001-03-31 20:25:00,-12.38,576.1,-227
2001-03-31 20:30:00,-2.74,592.5,-209
2001-03-31 20:35:00,-6.50,591.7,-218
2001-03-31 20:40:00,-12.62,587.4,-221
2001-03-31 20:45:00,-9.42,585.2,-224
2001-03-31 20:50:00,-5.99,608.6,-243
2001-03-31 20:55:00,-5.71,601.6,-243
2001-03-31 21:00:00,-9.47,580.8,-258
2001-03-31 21:05:00,-10.91,547.5,-259
2001-03-31 21:10:00,-10.33,537.1,-264
2001-03-31 21:15:00,-10.15,565.7,-268
2001-03-31 21:20:00,-8.53,551.6,-276
2001-03-31 21:25:00,-10.65,529.3,-266
2001-03-31 21:30:00,-10.08,527.7,-271
2001-03-31 21:35:00,-9.31,549.2,-284
2001-03-31 21:40:00,-9.36,544.8,-289
2001-03-31 21:45:00,-8.60,539.2,-288
2001-03-31 21:50:00,-7.30,535.0,-289
2001-03-31 21:55:00,-6.41,530.6,-290
2001-03-31 22:00:00,-7.09,527.4,-293
2001-03-31 22:05:00,-4.46,563.4,-284
2001-03-31 22:10:00,-7.78,573.8,-264
2001-03-31 22:15:00,2.51,641.5,-267
2001-03-31 22:20:00,11.64,702.4,-259
2001-03-31 22:25:00,9.90,756.4,-256
2001-03-31 22:30:00,9.14,760.9,-261
2001-03-31 22:35:00,12.41,754.4,-262
2001-03-31 22:40:00,12.77,736.2,-258
2001-03-31 22:45:00,15.08,728.4,-263
2001-03-31 22:50:00,15.00,701.8,-256
2001-03-31 22:55:00,17.48,679.3,-249
2001-03-31 23:00:00,10.82,688.7,-233
2001-03-31 23:05:00,15.41,698.4,-221
2001-03-31 23:10:00,9.34,697.5,-218
2001-03-31 23:15:00,13.15,685.1,-222
2001-03-31 23:20:00,13.10,677.9,-229
2001-03-31 23:25:00,11.46,706.0,-233
2001-03-31 23:30:00,10.49,731.3,-232
2001-03-31 23:35:00,9.43,738.7,-241
2001-03-31 23:40:00,8.05,752.3,-230
2001-03-31 23:45:00,5.76,764.6,-236
2001-03-31 23:50:00,3.37,764.4,-231
2001-03-31 23:55:00,8.36,758.6,-229
2001-04-01 00:00:00,12.31,758.5,-243
2001-04-01 00:05:00,13.83,764.6,-230
2001-04-01 00:10:00,13.33,774.6,-231
2001-04-01 00:15:00,12.77,768.4,-228
2001-04-01 00:20:00,12.17,759.9,-225
2001-04-01 00:25:00,8.50,768.4,-208
2001-04-01 00:30:00,7.57,775.8,-194
2001-04-01 00:35:00,9.05,771.0,-204
2001-04-01 00:40:00,9.23,768.8,-199
2001-04-01 00:45:00,8.86,760.7,-205
2001-04-01 00:50:00,6.56,762.4,-201
2001-04-01 00:55:00,5.19,775.2,-206
2001-04-01 01:00:00,5.74,774.4,-207
2001-04-01 01:05:00,6.10,782.0,-211
2001-04-01 01:10:00,5.97,769.5,-207
2001-04-01 01:15:00,5.69,765.1,-203
2001-04-01 01:20:00,6.46,770.8,-204
2001-04-01 01:25:00,5.51,768.2,-206
2001-04-01 01:30:00,5.53,770.2,-203
2001-04-01 01:35:00,3.05,764.9,-201
2001-04-01 01:40:00,3.34,770.2,-194
2001-04-01 01:45:00,7.14,778.5,-192
2001-04-01 01:50:00,5.73,780.1,-190
2001-04-01 01:55:00,2.52,763.4,-189
2001-04-01 02:00:00,3.77,761.3,-195
2001-04-01 02:05:00,3.94,761.0,-196
2001-04-01 02:10:00,4.39,758.9,-198
2001-04-01 02:15:00,3.55,755.1,-193
2001-04-01 02:20:00,5.65,767.1,-185
2001-04-01 02:25:00,5.94,775.1,-182
2001-04-01 02:30:00,4.46,780.8,-192
2001-04-01 02:35:00,4.79,782.6,-196
2001-04-01 02:40:00,4.15,784.2,-189
2001-04-01 02:45:00,4.19,778.3,-188
2001-04-01 02:50:00,4.16,780.9,-190
2001-04-01 02:55:00,4.29,770.2,-181
2001-04-01 03:00:00,3.38,773.4,-184
2001-04-01 03:05:00,2.64,773.3,-187
2001-04-01 03:10:00,0.31,763.5,-183
2001-04-01 03:15:00,3.62,756.3,-169
2001-04-01 03:20:00,1.78,756.1,-173
2001-04-01 03:25:00,2.50,768.3,-170
2001-04-01 03:30:00,3.01,770.6,-179
2001-04-01 03:35:00,1.76,769.1,-178
2001-04-01 03:40:00,3.73,766.9,-176
2001-04-01 03:45:00,4.37,753.6,-179
2001-04-01 03:50:00,4.47,755.5,-174
2001-04-01 03:55:00,4.99,766.3,-174
2001-04-01 04:00:00,5.44,753.1,-170
2001-04-01 04:05:00,5.95,747.2,-171
2001-04-01 04:10:00,5.90,746.1,-169
2001-04-01 04:15:00,6.15,747.4,-169
2001-04-01 04:20:00,6.13,747.9,-168
2001-04-01 04:25:00,6.22,746.4,-167
2001-04-01 04:30:00,6.41,747.7,-166
2001-04-01 04:35:00,6.16,758.9,-163
2001-04-01 04:40:00,6.85,762.9,-162
2001-04-01 04:45:00,5.87,790.0,-165
2001-04-01 04:50:00,2.00,810.4,-156
2001-04-01 04:55:00,0.24,818.0,-150
2001-04-01 05:00:00,-0.33,828.8,-148
2001-04-01 05:05:00,-1.60,836.4,-152
2001-04-01 05:10:00,-4.50,841.1,-147
2001-04-01 05:15:00,-4.58,824.8,-146
2001-04-01 05:20:00,-4.65,792.8,-140
2001-04-01 05:25:00,-5.12,806.2,-137
2001-04-01 05:30:00,-3.98,826.5,-144
2001-04-01 05:35:00,-4.30,845.1,-139
2001-04-01 05:40:00,-5.24,831.0,-131
2001-04-01 05:45:00,-6.11,817.8,-139
2001-04-01 05:50:00,-6.35,811.1,-150
2001-04-01 05:55:00,-6.25,808.0,-144
2001-04-01 06:00:00,-4.88,809.3,-146
2001-04-01 06:05:00,-5.37,813.4,-146
2001-04-01 06:10:00,-5.45,814.3,-144
2001-04-01 06:15:00,-5.95,815.9,-147
2001-04-01 06:20:00,-5.72,804.4,-144
2001-04-01 06:25:00,-5.82,798.4,-144
2001-04-01 06:30:00,-6.15,806.4,-145
2001-04-01 06:35:00,-6.15,809.7,-148
2001-04-01 06:40:00,-4.90,806.6,-144
2001-04-01 06:45:00,-4.53,812.6,-140
2001-04-01 06:50:00,-3.41,816.2,-143
2001-04-01 06:55:00,-4.19,807.2,-148
2001-04-01 07:00:00,-3.25,805.8,-147
2001-04-01 07:05:00,-2.09,822.0,-148
2001-04-01 07:10:00,-1.59,818.8,-149
2001-04-01 07:15:00,-1.13,810.8,-151
2001-04-01 07:20:00,-0.84,823.4,-151
2001-04-01 07:25:00,-0.71,821.4,-153
2001-04-01 07:30:00,0.19,825.1,-152
2001-04-01 07:35:00,-0.03,834.2,-152
2001-04-01 07:40:00,0.62,831.5,-151
2001-04-01 07:45:00,1.38,835.3,-150
2001-04-01 07:50:00,1.04,819.8,-148
2001-04-01 07:55:00,1.42,816.4,-148
2001-04-01 08:00:00,1.77,826.2,-147
2001-04-01 08:05:00,2.76,822.5,-145
2001-04-01 08:10:00,3.78,813.5,-143
2001-04-01 08:15:00,4.44,809.3,-140
2001-04-01 08:20:00,4.14,807.7,-137
2001-04-01 08:25:00,4.14,818.6,-136
2001-04-01 08:30:00,4.62,822.8,-136
2001-04-01 08:35:00,4.28,820.0,-134
2001-04-01 08:40:00,3.65,821.9,-133
2001-04-01 08:45:00,2.99,819.6,-130
2001-04-01 08:50:00,3.00,818.5,-128
2001-04-01 08:55:00,2.96,814.0,-126
2001-04-01 09:00:00,3.08,812.3,-124
2001-04-01 09:05:00,3.05,811.0,-123
2001-04-01 09:10:00,3.37,810.1,-123
2001-04-01 09:15:00,3.74,807.0,-122
2001-04-01 09:20:00,3.77,805.2,-124
2001-04-01 09:25:00,3.27,801.4,-124
2001-04-01 09:30:00,3.19,800.7,-124
2001-04-01 09:35:00,3.09,799.6,-123
2001-04-01 09:40:00,3.35,798.9,-123
2001-04-01 09:45:00,3.75,796.4,-123
2001-04-01 09:50:00,3.92,796.2,-123
2001-04-01 09:55:00,4.09,798.6,-124
2001-04-01 10:00:00,3.59,801.4,-124
2001-04-01 10:05:00,3.65,802.6,-125
2001-04-01 10:10:00,3.49,803.5,-125
2001-04-01 10:15:00,3.62,802.7,-125
2001-04-01 10:20:00,3.64,799.9,-125
2001-04-01 10:25:00,3.63,799.3,-124
2001-04-01 10:30:00,3.19,799.3,-124
2001-04-01 10:35:00,2.81,803.1,-124
2001-04-01 10:40:00,3.06,800.4,-124
2001-04-01 10:45:00,3.05,797.8,-123
2001-04-01 10:50:00,3.05,797.3,-123
2001-04-01 10:55:00,2.33,798.8,-124
2001-04-01 11:00:00,2.20,799.5,-125
2001-04-01 11:05:00,2.51,797.3,-123
2001-04-01 11:10:00,1.87,797.3,-123
2001-04-01 11:15:00,2.19,792.0,-124
2001-04-01 11:20:00,2.46,789.1,-124
2001-04-01 11:25:00,2.53,784.2,-124
2001-04-01 11:30:00,2.38,786.5,-123
2001-04-01 11:35:00,2.30,790.7,-123
2001-04-01 11:40:00,2.13,790.5,-123
2001-04-01 11:45:00,1.99,791.2,-123
2001-04-01 11:50:00,1.67,791.9,-122
2001-04-01 11:55:00,1.38,792.2,-122
2001-04-01 12:00:00,1.05,790.8,-121
2001-04-01 12:05:00,0.97,790.2,-122
2001-04-01 12:10:00,1.08,786.6,-122
2001-04-01 12:15:00,0.60,787.8,-121
2001-04-01 12:20:00,0.37,785.8,-119
2001-04-01 12:25:00,0.37,781.0,-116
2001-04-01 12:30:00,4.03,760.1,-116
2001-04-01 12:35:00,4.18,756.7,-114
2001-04-01 12:40:00,5.59,744.9,-111
2001-04-01 12:45:00,4.21,749.6,-113
2001-04-01 12:50:00,3.67,755.6,-112
2001-04-01 12:55:00,3.51,752.3,-112
2001-04-01 13:00:00,3.34,752.9,-111
2001-04-01 13:05:00,2.67,755.0,-111
2001-04-01 13:10:00,2.65,755.4,-112
2001-04-01 13:15:00,2.55,751.8,-109
2001-04-01 13:20:00,2.10,753.6,-108
2001-04-01 13:25:00,1.96,752.6,-108
2001-04-01 13:30:00,1.54,752.9,-108
2001-04-01 13:35:00,0.99,763.4,-107
2001-04-01 13:40:00,0.30,765.2,-107
2001-04-01 13:45:00,0.18,762.8,-106
2001-04-01 13:50:00,0.38,760.2,-106
2001-04-01 13:55:00,1.60,755.1,-106
2001-04-01 14:00:00,1.60,749.9,-104
2001-04-01 14:05:00,0.52,756.7,-103
2001-04-01 14:10:00,0.69,756.9,-102
2001-04-01 14:15:00,0.93,751.5,-101
2001-04-01 14:20:00,0.81,750.8,-101
2001-04-01 14:25:00,0.40,756.5,-100
2001-04-01 14:30:00,0.65,749.7,-99
2001-04-01 14:35:00,0.70,743.5,-99
2001-04-01 14:40:00,0.69,743.4,-98
2001-04-01 14:45:00,0.51,743.4,-98
2001-04-01 14:50:00,-0.05,742.1,-97
2001-04-01 14:55:00,0.03,743.2,-96
2001-04-01 15:00:00,-0.32,744.8,-97
2001-04-01 15:05:00,-1.17,738.8,-97
2001-04-01 15:10:00,-1.46,738.4,-98
2001-04-01 15:15:00,-1.23,732.5,-98
2001-04-01 15:20:00,-1.36,732.3,-97
2001-04-01 15:25:00,-1.38,731.1,-98
2001-04-01 15:30:00,-1.27,727.9,-97
2001-04-01 15:35:00,-0.57,735.6,-98
2001-04-01 15:40:00,-0.31,731.5,-98
2001-04-01 15:45:00,-0.35,731.8,-98
2001-04-01 15:50:00,-0.43,732.5,-98
2001-04-01 15:55:00,-0.28,732.1,-98
2001-04-01 16:00:00,-0.18,734.0,-98
2001-04-01 16:05:00,-0.03,730.0,-96
2001-04-01 16:10:00,-0.03,727.7,-96
2001-04-01 16:15:00,-0.12,727.4,-97
2001-04-01 16:20:00,-0.11,733.7,-98
2001-04-01 16:25:00,-0.29,730.6,-96
2001-04-01 16:30:00,-0.43,726.9,-95
2001-04-01 16:35:00,-0.31,718.3,-94
2001-04-01 16:40:00,-0.26,713.7,-93
2001-04-01 16:45:00,-0.48,717.5,-92
2001-04-01 16:50:00,-0.38,713.5,-91
2001-04-01 16:55:00,-0.51,710.8,-91
2001-04-01 17:00:00,-0.64,708.8,-91
2001-04-01 17:05:00,-0.69,706.7,-89
2001-04-01 17:10:00,-0.84,705.4,-89
2001-04-01 17:15:00,-0.84,704.8,-89
2001-04-01 17:20:00,-1.26,707.4,-90
2001-04-01 17:25:00,-1.70,697.6,-88
2001-04-01 17:30:00,-1.89,695.4,-86
2001-04-01 17:35:00,-2.03,696.6,-85
2001-04-01 17:40:00,-1.88,695.6,-85
2001-04-01 17:45:00,-1.99,694.6,-88
2001-04-01 17:50:00,-2.22,695.0,-88
2001-04-01 17:55:00,-2.33,694.3,-86
2001-04-01 18:00:00,-2.31,691.1,-85
2001-04-01 18:05:00,-2.03,691.4,-85
2001-04-01 18:10:00,-2.16,690.6,-89
2001-04-01 18:15:00,-1.37,686.2,-90
2001-04-01 18:20:00,-1.27,683.0,-89
2001-04-01 18:25:00,-1.63,684.3,-90
2001-04-01 18:30:00,-1.83,684.7,-86
2001-04-01 18:35:00,-1.64,681.8,-80
2001-04-01 18:40:00,-1.75,682.5,-79
2001-04-01 18:45:00,-1.65,681.0,-79
2001-04-01 18:50:00,-1.75,679.2,-80
2001-04-01 18:55:00,-1.66,677.0,-80
2001-04-01 19:00:00,-1.84,677.0,-79
2001-04-01 19:05:00,-1.88,677.0,-79
2001-04-01 19:10:00,-1.67,676.5,-78
2001-04-01 19:15:00,-1.61,673.9,-78
2001-04-01 19:20:00,-1.62,675.7,-79
2001-04-01 19:25:00,-1.82,675.1,-80
2001-04-01 19:30:00,-1.22,676.2,-82
2001-04-01 19:35:00,-0.24,681.3,-82
2001-04-01 19:40:00,-1.95,673.4,-81
2001-04-01 19:45:00,-2.70,666.0,-81
2001-04-01 19:50:00,-2.42,666.2,-81
2001-04-01 19:55:00,-2.82,662.2,-80
2001-04-01 20:00:00,-2.98,655.4,-80
2001-04-01 20:05:00,-1.74,663.9,-78
2001-04-01 20:10:00,-2.00,659.5,-76
2001-04-01 20:15:00,-2.55,657.5,-78
2001-04-01 20:20:00,-2.49,656.8,-77
2001-04-01 20:25:00,-2.26,657.2,-77
2001-04-01 20:30:00,-2.87,652.6,-78
2001-04-01 20:35:00,-3.13,653.0,-79
2001-04-01 20:40:00,-3.04,652.5,-77
2001-04-01 20:45:00,-3.12,650.9,-75
2001-04-01 20:50:00,-3.14,653.1,-73
2001-04-01 20:55:00,-2.89,659.1,-69
2001-04-01 21:00:00,-3.21,666.7,-68
2001-04-01 21:05:00,-3.41,667.6,-68
2001-04-01 21:10:00,-3.77,668.0,-67
2001-04-01 21:15:00,-3.29,670.1,-64
2001-04-01 21:20:00,-3.62,670.6,-62
2001-04-01 21:25:00,-3.59,668.7,-61
2001-04-01 21:30:00,-3.60,666.2,-60
2001-04-01 21:35:00,-3.55,664.7,-60
2001-04-01 21:40:00,-3.47,665.3,-61
2001-04-01 21:45:00,-3.40,663.7,-61
2001-04-01 21:50:00,-3.61,661.0,-61
2001-04-01 21:55:00,-4.09,660.5,-61
2001-04-01 22:00:00,-4.38,657.7,-61
2001-04-01 22:05:00,-4.06,657.1,-58
2001-04-01 22:10:00,-4.17,658.2,-57
2001-04-01 22:15:00,-4.34,651.7,-59
2001-04-01 22:20:00,-4.28,655.3,-60
2001-04-01 22:25:00,-5.06,661.8,-62
2001-04-01 22:30:00,-5.08,660.8,-63
2001-04-01 22:35:00,-5.01,658.9,-67
2001-04-01 22:40:00,-4.56,659.9,-67
2001-04-01 22:45:00,-4.87,657.9,-69
2001-04-01 22:50:00,-5.05,655.1,-71
2001-04-01 22:55:00,-5.13,653.6,-73
2001-04-01 23:00:00,-4.94,653.9,-76
2001-04-01 23:05:00,-4.75,653.6,-76
2001-04-01 23:10:00,-3.86,652.7,-71
2001-04-01 23:15:00,-4.33,648.6,-62
2001-04-01 23:20:00,-4.11,648.2,-59
2001-04-01 23:25:00,-4.48,649.5,-68
2001-04-01 23:30:00,-4.37,651.9,-71
2001-04-01 23:35:00,-4.17,646.1,-75
2001-04-01 23:40:00,-4.08,644.7,-79
2001-04-01 23:45:00,-4.67,649.5,-78
2001-04-01 23:50:00,-4.83,644.1,-76
2001-04-01 23:55:00,-4.52,641.1,-79
2001-04-02 00:00:00,-4.29,642.1,-80
2001-04-02 00:05:00,-3.92,639.0,-81
2001-04-02 00:10:00,-3.51,643.8,-78
2001-04-02 00:15:00,-3.67,639.6,-79
2001-04-02 00:20:00,-3.32,635.0,-82
2001-04-02 00:25:00,-3.40,632.2,-82
2001-04-02 00:30:00,-3.32,626.6,-83
2001-04-02 00:35:00,-3.67,633.1,-86
2001-04-02 00:40:00,-3.05,629.8,-86
2001-04-02 00:45:00,-3.00,629.9,-85
2001-04-02 00:50:00,-3.60,628.5,-88
2001-04-02 00:55:00,-3.06,630.8,-88
2001-04-02 01:00:00,-2.87,626.5,-87
2001-04-02 01:05:00,-2.90,624.5,-91
2001-04-02 01:10:00,-3.20,622.8,-95
2001-04-02 01:15:00,-3.42,626.6,-97
2001-04-02 01:20:00,-3.32,618.0,-96
2001-04-02 01:25:00,-3.41,618.6,-92
2001-04-02 01:30:00,-3.39,616.7,-92
2001-04-02 01:35:00,-2.36,623.6,-84
2001-04-02 01:40:00,-2.25,623.1,-79
2001-04-02 01:45:00,-2.15,623.5,-76
2001-04-02 01:50:00,-2.27,623.0,-79
2001-04-02 01:55:00,-2.78,622.0,-80
2001-04-02 02:00:00,-2.84,622.4,-83
2001-04-02 02:05:00,-2.64,620.6,-85
2001-04-02 02:10:00,-2.53,618.7,-87
2001-04-02 02:15:00,-2.83,616.8,-90
2001-04-02 02:20:00,-2.94,614.6,-92
2001-04-02 02:25:00,-3.28,611.1,-96
2001-04-02 02:30:00,-3.34,609.6,-100
2001-04-02 02:35:00,-3.26,610.2,-99
2001-04-02 02:40:00,-3.12,609.9,-98
2001-04-02 02:45:00,-3.14,609.0,-100
2001-04-02 02:50:00,-3.08,606.5,-101
2001-04-02 02:55:00,-2.96,609.7,-99
2001-04-02 03:00:00,-2.74,608.5,-98
2001-04-02 03:05:00,-2.78,600.4,-97
2001-04-02 03:10:00,-2.74,600.4,-94
2001-04-02 03:15:00,-2.84,602.0,-93
2001-04-02 03:20:00,-2.96,600.2,-91
2001-04-02 03:25:00,-3.21,598.4,-92
2001-04-02 03:30:00,-3.31,596.8,-96
2001-04-02 03:35:00,-3.21,596.9,-95
2001-04-02 03:40:00,-3.43,595.9,-94
2001-04-02 03:45:00,-3.14,595.7,-96
2001-04-02 03:50:00,-2.81,595.6,-96
2001-04-02 03:55:00,-2.76,601.3,-95
2001-04-02 04:00:00,-2.38,601.0,-94
2001-04-02 04:05:00,-2.59,600.0,-93
2001-04-02 04:10:00,-2.47,597.5,-94
2001-04-02 04:15:00,-2.07,597.2,-94
2001-04-02 04:20:00,-2.05,597.9,-92
2001-04-02 04:25:00,-1.46,599.0,-91
2001-04-02 04:30:00,-1.20,600.7,-89
2001-04-02 04:35:00,-1.30,600.4,-90
2001-04-02 04:40:00,-1.98,595.4,-91
2001-04-02 04:45:00,-1.76,596.2,-92
2001-04-02 04:50:00,-1.51,594.9,-95
2001-04-02 04:55:00,-0.55,595.1,-96
2001-04-02 05:00:00,-1.07,592.4,-95
2001-04-02 05:05:00,-1.46,594.7,-93
2001-04-02 05:10:00,-1.02,598.1,-91
2001-04-02 05:15:00,-1.29,594.5,-89
2001-04-02 05:20:00,-2.11,584.6,-88
2001-04-02 05:25:00,-1.65,582.4,-88
2001-04-02 05:30:00,-0.80,591.0,-86
2001-04-02 05:35:00,-0.44,589.8,-84
2001-04-02 05:40:00,-0.29,586.6,-84
2001-04-02 05:45:00,-0.29,585.6,-83
2001-04-02 05:50:00,-0.57,586.3,-80
2001-04-02 05:55:00,-0.74,586.9,-77
2001-04-02 06:00:00,-1.01,589.3,-75
2001-04-02 06:05:00,-1.98,590.5,-74
2001-04-02 06:10:00,-1.80,589.8,-74
2001-04-02 06:15:00,-1.73,584.8,-71
2001-04-02 06:20:00,-2.12,582.8,-69
2001-04-02 06:25:00,-2.23,582.9,-70
2001-04-02 06:30:00,-2.87,581.9,-68
2001-04-02 06:35:00,-2.99,582.8,-67
2001-04-02 06:40:00,-2.97,582.9,-67
2001-04-02 06:45:00,-3.00,581.7,-68
2001-04-02 06:50:00,-3.02,578.6,-67
2001-04-02 06:55:00,-3.01,575.6,-68
2001-04-02 07:00:00,-2.68,571.2,-69
2001-04-02 07:05:00,-2.19,581.3,-67
2001-04-02 07:10:00,-1.60,580.6,-68
2001-04-02 07:15:00,-1.86,579.7,-70
2001-04-02 07:20:00,-1.99,580.2,-72
2001-04-02 07:25:00,-1.83,580.1,-72
2001-04-02 07:30:00,-2.00,581.1,-71
2001-04-02 07:35:00,-2.04,580.3,-73
2001-04-02 07:40:00,-2.45,577.6,-74
2001-04-02 07:45:00,-2.42,576.3,-75
2001-04-02 07:50:00,-2.14,577.9,-75
2001-04-02 07:55:00,-1.58,576.8,-76
2001-04-02 08:00:00,-0.70,573.0,-78
2001-04-02 08:05:00,-1.14,572.5,-76
2001-04-02 08:10:00,-1.84,571.6,-76
2001-04-02 08:15:00,-1.46,577.4,-76
2001-04-02 08:20:00,-1.22,575.3,-77
2001-04-02 08:25:00,-1.75,575.8,-75
2001-04-02 08:30:00,-1.71,577.5,-75
2001-04-02 08:35:00,-1.76,577.8,-75
2001-04-02 08:40:00,-2.11,578.3,-74
2001-04-02 08:45:00,-1.85,576.1,-73
2001-04-02 08:50:00,-1.25,573.3,-73
2001-04-02 08:55:00,-0.37,568.1,-73
2001-04-02 09:00:00,-0.39,567.1,-74
2001-04-02 09:05:00,-0.45,568.6,-74
2001-04-02 09:10:00,-0.48,568.6,-73
2001-04-02 09:15:00,-0.38,567.2,-73
2001-04-02 09:20:00,-0.38,567.4,-71
2001-04-02 09:25:00,-0.31,563.6,-71
2001-04-02 09:30:00,0.09,560.9,-70
2001-04-02 09:35:00,0.16,558.2,-69
2001-04-02 09:40:00,0.15,558.7,-68
2001-04-02 09:45:00,0.12,560.1,-68
2001-04-02 09:50:00,0.19,555.8,-68
2001-04-02 09:55:00,-0.18,561.6,-68
2001-04-02 10:00:00,-0.26,559.6,-68
2001-04-02 10:05:00,-0.12,561.3,-68
2001-04-02 10:10:00,-0.14,561.7,-67
2001-04-02 10:15:00,-0.14,562.7,-67
2001-04-02 10:20:00,-0.29,561.9,-66
2001-04-02 10:25:00,-0.46,559.2,-66
2001-04-02 10:30:00,-0.58,558.9,-65
2001-04-02 10:35:00,-0.66,558.3,-65
2001-04-02 10:40:00,-0.10,555.6,-64
2001-04-02 10:45:00,0.43,552.7,-65
2001-04-02 10:50:00,-0.93,559.7,-63
2001-04-02 10:55:00,-2.50,565.0,-60
2001-04-02 11:00:00,-2.44,565.1,-58
2001-04-02 11:05:00,-1.23,560.3,-55
2001-04-02 11:10:00,0.29,556.9,-51
2001-04-02 11:15:00,1.79,556.7,-52
2001-04-02 11:20:00,1.64,557.6,-53
2001-04-02 11:25:00,1.81,556.1,-52
2001-04-02 11:30:00,1.91,555.2,-54
2001-04-02 11:35:00,1.84,553.2,-55
2001-04-02 11:40:00,1.82,553.2,-54
2001-04-02 11:45:00,2.17,553.3,-55
2001-04-02 11:50:00,1.78,554.3,-54
2001-04-02 11:55:00,1.31,554.7,-53
2001-04-02 12:00:00,1.01,554.5,-53
2001-04-02 12:05:00,0.87,554.0,-53
2001-04-02 12:10:00,0.35,553.7,-53
2001-04-02 12:15:00,0.09,551.8,-52
2001-04-02 12:20:00,-0.14,551.9,-52
2001-04-02 12:25:00,-0.44,551.2,-52
2001-04-02 12:30:00,-0.84,550.8,-51
2001-04-02 12:35:00,-1.08,551.2,-51
2001-04-02 12:40:00,-1.62,550.8,-50
2001-04-02 12:45:00,0.68,551.1,-50
2001-04-02 12:50:00,1.66,553.5,-50
2001-04-02 12:55:00,0.71,544.4,-49
2001-04-02 13:00:00,-0.01,547.4,-48
2001-04-02 13:05:00,-0.58,551.6,-47
2001-04-02 13:10:00,-1.19,551.2,-46
2001-04-02 13:15:00,-1.83,551.0,-46
2001-04-02 13:20:00,-2.28,552.1,-46
2001-04-02 13:25:00,-3.12,546.5,-46
2001-04-02 13:30:00,-3.21,544.6,-47
2001-04-02 13:35:00,-2.29,545.2,-47
2001-04-02 13:40:00,-2.47,543.6,-47
2001-04-02 13:45:00,-2.22,549.7,-46
2001-04-02 13:50:00,-2.40,553.9,-46
2001-04-02 13:55:00,-2.37,554.7,-46
2001-04-02 14:00:00,-2.51,554.9,-47
2001-04-02 14:05:00,-2.43,553.5,-48
2001-04-02 14:10:00,-2.42,551.5,-49
2001-04-02 14:15:00,-2.43,551.0,-49
2001-04-02 14:20:00,-2.20,553.5,-50
2001-04-02 14:25:00,-1.84,553.2,-50
2001-04-02 14:30:00,-1.50,551.1,-51
2001-04-02 14:35:00,-1.46,552.3,-51
2001-04-02 14:40:00,-1.35,552.5,-52
2001-04-02 14:45:00,-1.36,551.4,-53
2001-04-02 14:50:00,-1.17,550.5,-53
2001-04-02 14:55:00,-1.30,548.3,-53
2001-04-02 15:00:00,-1.42,549.1,-54
2001-04-02 15:05:00,-1.72,546.8,-55
2001-04-02 15:10:00,-1.70,547.3,-55
2001-04-02 15:15:00,-0.59,545.6,-56
2001-04-02 15:20:00,-0.56,546.6,-56
2001-04-02 15:25:00,-0.86,546.9,-56
2001-04-02 15:30:00,-1.09,545.3,-55
2001-04-02 15:35:00,-1.39,546.1,-54
2001-04-02 15:40:00,-1.89,543.9,-54
2001-04-02 15:45:00,-1.90,544.5,-54
2001-04-02 15:50:00,-1.83,544.4,-53
2001-04-02 15:55:00,-1.83,544.0,-53
2001-04-02 16:00:00,-1.45,541.5,-54
2001-04-02 16:05:00,-1.66,543.5,-53
2001-04-02 16:10:00,-2.21,543.6,-52
2001-04-02 16:15:00,-2.80,541.5,-52
2001-04-02 16:20:00,-2.69,545.6,-50
2001-04-02 16:25:00,-2.52,544.9,-49
2001-04-02 16:30:00,-1.57,540.8,-47
2001-04-02 16:35:00,-1.54,540.3,-47
2001-04-02 16:40:00,-2.05,538.1,-47
2001-04-02 16:45:00,-2.17,538.1,-48
2001-04-02 16:50:00,-2.07,536.4,-48
2001-04-02 16:55:00,-2.61,539.1,-48
2001-04-02 17:00:00,-2.37,536.8,-48
2001-04-02 17:05:00,-1.56,537.4,-47
2001-04-02 17:10:00,-2.06,537.0,-47
2001-04-02 17:15:00,-1.98,535.6,-49
2001-04-02 17:20:00,-1.85,535.4,-49
2001-04-02 17:25:00,-1.73,534.9,-48
2001-04-02 17:30:00,-1.90,545.7,-48
2001-04-02 17:35:00,-2.42,545.7,-50
2001-04-02 17:40:00,-2.61,535.9,-47
2001-04-02 17:45:00,-2.55,535.3,-46
2001-04-02 17:50:00,-2.49,534.5,-46
2001-04-02 17:55:00,-2.30,530.5,-47
2001-04-02 18:00:00,-2.38,530.6,-46
2001-04-02 18:05:00,-2.31,535.6,-46
2001-04-02 18:10:00,-1.94,535.2,-47
2001-04-02 18:15:00,-1.98,537.3,-48
2001-04-02 18:20:00,-2.05,530.3,-45
2001-04-02 18:25:00,-1.97,532.1,-45
2001-04-02 18:30:00,-2.04,528.9,-45
2001-04-02 18:35:00,-2.12,531.0,-44
2001-04-02 18:40:00,-2.34,532.5,-43
2001-04-02 18:45:00,-2.21,532.0,-40
2001-04-02 18:50:00,-2.80,539.9,-39
2001-04-02 18:55:00,-2.15,546.6,-38
2001-04-02 19:00:00,-2.11,562.5,-38
2001-04-02 19:05:00,-2.62,556.0,-37
2001-04-02 19:10:00,-2.45,558.8,-34
2001-04-02 19:15:00,-2.39,552.7,-35
2001-04-02 19:20:00,-2.37,546.7,-36
2001-04-02 19:25:00,-1.22,556.9,-37
2001-04-02 19:30:00,-1.86,552.8,-37
2001-04-02 19:35:00,-1.61,550.6,-37
2001-04-02 19:40:00,-1.65,551.7,-37
2001-04-02 19:45:00,-1.58,546.9,-38
2001-04-02 19:50:00,-1.74,553.9,-41
2001-04-02 19:55:00,-1.58,545.1,-42
2001-04-02 20:00:00,-1.64,549.9,-42
2001-04-02 20:05:00,-1.76,543.5,-43
2001-04-02 20:10:00,-1.05,545.0,-41
2001-04-02 20:15:00,-0.34,542.3,-40
2001-04-02 20:20:00,-0.56,534.7,-38
2001-04-02 20:25:00,-0.12,543.0,-36
2001-04-02 20:30:00,1.49,558.7,-28
2001-04-02 20:35:00,1.46,557.0,-32
2001-04-02 20:40:00,1.34,554.2,-37
2001-04-02 20:45:00,1.33,550.6,-37
2001-04-02 20:50:00,1.56,550.6,-38
2001-04-02 20:55:00,1.52,550.0,-38
2001-04-02 21:00:00,1.46,552.0,-37
2001-04-02 21:05:00,1.49,552.4,-36
2001-04-02 21:10:00,1.36,552.4,-35
2001-04-02 21:15:00,1.28,550.2,-35
2001-04-02 21:20:00,1.27,551.0,-35
2001-04-02 21:25:00,1.24,549.2,-35
2001-04-02 21:30:00,1.24,549.6,-34
2001-04-02 21:35:00,1.04,544.0,-33
2001-04-02 21:40:00,0.83,544.7,-30
2001-04-02 21:45:00,0.87,542.0,-25
2001-04-02 21:50:00,0.72,542.2,-19
2001-04-02 21:55:00,0.50,542.2,-18
2001-04-02 22:00:00,0.46,540.6,-21
2001-04-02 22:05:00,0.43,540.3,-22
2001-04-02 22:10:00,0.52,539.3,-23
2001-04-02 22:15:00,0.50,539.3,-24
2001-04-02 22:20:00,0.58,538.2,-25
2001-04-02 22:25:00,0.67,536.7,-25
2001-04-02 22:30:00,0.62,536.2,-28
2001-04-02 22:35:00,0.85,536.4,-28
2001-04-02 22:40:00,0.93,537.2,-29
2001-04-02 22:45:00,1.01,533.7,-30
2001-04-02 22:50:00,1.04,532.8,-30
2001-04-02 22:55:00,0.99,533.1,-31
2001-04-02 23:00:00,1.12,531.9,-32
2001-04-02 23:05:00,1.13,529.8,-32
2001-04-02 23:10:00,0.84,530.5,-32
2001-04-02 23:15:00,0.96,532.0,-32
2001-04-02 23:20:00,1.05,532.6,-32
2001-04-02 23:25:00,1.01,532.0,-32
2001-04-02 23:30:00,1.04,532.3,-32
2001-04-02 23:35:00,0.99,527.9,-31
2001-04-02 23:40:00,0.84,528.7,-31
2001-04-02 23:45:00,0.90,525.1,-30
2001-04-02 23:50:00,0.75,525.4,-30
2001-04-02 23:55:00,1.12,525.2,-30
2001-04-03 00:00:00,0.87,525.9,-30
2001-04-03 00:05:00,1.06,523.2,-31
2001-04-03 00:10:00,0.99,522.2,-31
2001-04-03 00:15:00,0.87,520.4,-32
2001-04-03 00:20:00,0.98,520.3,-32
2001-04-03 00:25:00,0.92,520.6,-32
2001-04-03 00:30:00,0.80,519.7,-33
2001-04-03 00:35:00,0.88,519.0,-32
2001-04-03 00:40:00,0.95,520.4,-30
2001-04-03 00:45:00,-0.30,532.3,-29
2001-04-03 00:50:00,-0.15,526.6,-27
2001-04-03 00:55:00,-0.32,525.6,-28
2001-04-03 01:00:00,0.10,528.0,-28
2001-04-03 01:05:00,0.44,529.4,-27
2001-04-03 01:10:00,0.58,528.9,-26
2001-04-03 01:15:00,0.35,528.2,-26
2001-04-03 01:20:00,1.03,527.6,-25
2001-04-03 01:25:00,1.60,526.1,-27
2001-04-03 01:30:00,2.00,525.2,-28
2001-04-03 01:35:00,2.33,526.0,-29
2001-04-03 01:40:00,2.01,524.1,-29
2001-04-03 01:45:00,2.59,524.0,-31
2001-04-03 01:50:00,2.23,523.2,-31
2001-04-03 01:55:00,2.18,520.4,-31
2001-04-03 02:00:00,2.34,522.5,-32
2001-04-03 02:05:00,2.46,520.2,-32
2001-04-03 02:10:00,2.48,517.6,-32
2001-04-03 02:15:00,2.41,516.2,-31
2001-04-03 02:20:00,2.50,515.1,-31
2001-04-03 02:25:00,2.43,516.9,-31
2001-04-03 02:30:00,2.84,514.1,-30
2001-04-03 02:35:00,3.23,515.3,-30
2001-04-03 02:40:00,2.87,513.4,-29
2001-04-03 02:45:00,2.72,512.5,-28
2001-04-03 02:50:00,3.02,514.1,-29
2001-04-03 02:55:00,3.02,515.4,-29
2001-04-03 03:00:00,3.00,513.9,-29
2001-04-03 03:05:00,3.22,515.5,-29
2001-04-03 03:10:00,3.48,514.8,-29
2001-04-03 03:15:00,3.28,512.9,-29
2001-04-03 03:20:00,3.38,512.3,-29
2001-04-03 03:25:00,3.28,511.6,-28
2001-04-03 03:30:00,3.33,509.2,-29
2001-04-03 03:35:00,3.60,509.7,-29
2001-04-03 03:40:00,4.03,514.1,-28
2001-04-03 03:45:00,4.11,511.4,-27
2001-04-03 03:50:00,4.10,512.7,-28
2001-04-03 03:55:00,1.20,506.7,-28
2001-04-03 04:00:00,1.07,503.4,-26
2001-04-03 04:05:00,1.27,501.7,-24
2001-04-03 04:10:00,1.31,500.4,-23
2001-04-03 04:15:00,1.42,499.9,-21
2001-04-03 04:20:00,2.01,501.8,-20
2001-04-03 04:25:00,2.06,500.4,-21
2001-04-03 04:30:00,2.18,500.9,-21
2001-04-03 04:35:00,2.93,503.1,-20
2001-04-03 04:40:00,1.25,504.9,-19
2001-04-03 04:45:00,-1.07,503.0,-19
2001-04-03 04:50:00,0.05,498.6,-20
2001-04-03 04:55:00,1.19,498.8,-19
2001-04-03 05:00:00,0.78,495.4,-19
2001-04-03 05:05:00,0.79,495.3,-19
2001-04-03 05:10:00,0.58,495.2,-19
2001-04-03 05:15:00,0.94,495.3,-19
2001-04-03 05:20:00,0.60,495.0,-19
2001-04-03 05:25:00,1.58,499.5,-17
2001-04-03 05:30:00,1.93,495.5,-15
2001-04-03 05:35:00,0.26,497.0,-15
2001-04-03 05:40:00,-0.35,498.2,-16
2001-04-03 05:45:00,-1.26,500.4,-17
2001-04-03 05:50:00,-1.47,498.9,-17
2001-04-03 05:55:00,-1.63,497.0,-21
2001-04-03 06:00:00,0.10,498.4,-19
2001-04-03 06:05:00,0.97,498.5,-20
2001-04-03 06:10:00,1.57,498.8,-17
2001-04-03 06:15:00,2.18,498.5,-17
2001-04-03 06:20:00,2.66,492.0,-17
2001-04-03 06:25:00,2.36,490.6,-18
2001-04-03 06:30:00,2.68,493.0,-17
2001-04-03 06:35:00,2.80,492.2,-20
2001-04-03 06:40:00,2.63,491.7,-21
2001-04-03 06:45:00,2.61,491.3,-19
2001-04-03 06:50:00,2.83,490.7,-19
2001-04-03 06:55:00,2.72,490.8,-21
2001-04-03 07:00:00,2.56,489.6,-21
2001-04-03 07:05:00,2.57,488.3,-21
2001-04-03 07:10:00,2.57,485.5,-19
2001-04-03 07:15:00,2.31,484.6,-18
2001-04-03 07:20:00,2.20,484.2,-19
2001-04-03 07:25:00,2.13,485.5,-18
2001-04-03 07:30:00,2.06,489.7,-18
2001-04-03 07:35:00,0.96,489.6,-18
2001-04-03 07:40:00,0.18,494.2,-17
2001-04-03 07:45:00,0.33,489.0,-16
2001-04-03 07:50:00,1.92,480.7,-17
2001-04-03 07:55:00,2.03,480.1,-17
2001-04-03 08:00:00,1.99,480.1,-17
2001-04-03 08:05:00,1.97,478.6,-18
2001-04-03 08:10:00,2.09,478.7,-18
2001-04-03 08:15:00,2.25,477.5,-19
2001-04-03 08:20:00,2.41,477.2,-18
2001-04-03 08:25:00,2.37,475.4,-18
2001-04-03 08:30:00,2.30,476.5,-18
2001-04-03 08:35:00,2.10,475.7,-18
2001-04-03 08:40:00,1.78,474.9,-18
2001-04-03 08:45:00,1.45,474.3,-17
2001-04-03 08:50:00,1.10,474.0,-17
2001-04-03 08:55:00,1.15,476.2,-17
2001-04-03 09:00:00,1.39,477.4,-16
2001-04-03 09:05:00,1.13,477.9,-16
2001-04-03 09:10:00,1.23,477.4,-16
2001-04-03 09:15:00,1.24,475.6,-16
2001-04-03 09:20:00,1.28,473.6,-16
2001-04-03 09:25:00,1.19,472.9,-15
2001-04-03 09:30:00,1.01,471.9,-16
2001-04-03 09:35:00,0.67,471.6,-16
2001-04-03 09:40:00,1.43,473.9,-16
2001-04-03 09:45:00,1.51,474.3,-16
2001-04-03 09:50:00,1.58,473.0,-16
2001-04-03 09:55:00,1.34,471.4,-16
2001-04-03 10:00:00,1.15,470.7,-16
2001-04-03 10:05:00,1.26,468.2,-17
2001-04-03 10:10:00,1.08,464.2,-18
2001-04-03 10:15:00,1.26,469.4,-18
2001-04-03 10:20:00,1.03,473.5,-18
2001-04-03 10:25:00,0.94,474.4,-18
2001-04-03 10:30:00,2.02,475.8,-18
2001-04-03 10:35:00,2.34,477.8,-18
2001-04-03 10:40:00,2.12,474.1,-19
2001-04-03 10:45:00,2.21,476.7,-19
2001-04-03 10:50:00,2.41,476.8,-19
2001-04-03 10:55:00,2.24,478.4,-19
2001-04-03 11:00:00,2.08,476.1,-19
2001-04-03 11:05:00,1.73,472.2,-19
2001-04-03 11:10:00,2.88,475.0,-20
2001-04-03 11:15:00,1.08,471.2,-19
2001-04-03 11:20:00,0.33,470.5,-17
2001-04-03 11:25:00,2.96,480.1,-16
2001-04-03 11:30:00,2.45,481.1,-18
2001-04-03 11:35:00,1.66,480.5,-19
2001-04-03 11:40:00,3.17,479.9,-19
2001-04-03 11:45:00,3.04,479.7,-20
2001-04-03 11:50:00,3.42,480.2,-20
2001-04-03 11:55:00,3.70,480.9,-19
2001-04-03 12:00:00,3.21,475.9,-19
2001-04-03 12:05:00,3.14,475.4,-20
2001-04-03 12:10:00,3.18,474.6,-20
2001-04-03 12:15:00,3.16,473.5,-19
2001-04-03 12:20:00,3.39,473.8,-19
2001-04-03 12:25:00,3.33,473.5,-19
2001-04-03 12:30:00,2.57,469.5,-18
2001-04-03 12:35:00,2.71,468.2,-19
2001-04-03 12:40:00,2.74,467.0,-19
2001-04-03 12:45:00,2.71,465.0,-18
2001-04-03 12:50:00,2.77,466.8,-18
2001-04-03 12:55:00,2.51,467.6,-18
2001-04-03 13:00:00,2.73,466.3,-17
2001-04-03 13:05:00,2.50,464.4,-17
2001-04-03 13:10:00,2.32,465.4,-16
2001-04-03 13:15:00,2.07,466.1,-15
2001-04-03 13:20:00,1.80,465.6,-15
2001-04-03 13:25:00,1.89,465.4,-15
2001-04-03 13:30:00,1.09,466.2,-14
2001-04-03 13:35:00,0.25,465.0,-13
2001-04-03 13:40:00,2.76,464.9,-13
2001-04-03 13:45:00,1.65,465.6,-12
2001-04-03 13:50:00,0.18,464.8,-13
2001-04-03 13:55:00,0.13,463.7,-14
2001-04-03 14:00:00,0.18,464.5,-14
2001-04-03 14:05:00,0.24,462.5,-14
2001-04-03 14:10:00,0.48,462.4,-14
2001-04-03 14:15:00,0.23,458.4,-15
2001-04-03 14:20:00,0.38,458.8,-15
2001-04-03 14:25:00,1.01,459.9,-15
2001-04-03 14:30:00,0.14,456.0,-15
2001-04-03 14:35:00,-0.36,457.9,-15
2001-04-03 14:40:00,-0.73,457.1,-16
2001-04-03 14:45:00,-0.98,458.4,-16
2001-04-03 14:50:00,-0.96,457.5,-16
2001-04-03 14:55:00,-1.40,458.3,-16
2001-04-03 15:00:00,-0.92,456.5,-17
2001-04-03 15:05:00,-1.88,456.9,-17
2001-04-03 15:10:00,-1.40,451.2,-18
2001-04-03 15:15:00,-0.46,449.8,-19
2001-04-03 15:20:00,0.49,446.8,-19
2001-04-03 15:25:00,-0.57,448.3,-19
2001-04-03 15:30:00,-2.32,449.5,-18
2001-04-03 15:35:00,-1.58,449.5,-18
2001-04-03 15:40:00,-0.57,449.6,-19
2001-04-03 15:45:00,0.24,448.4,-19
2001-04-03 15:50:00,0.66,448.5,-19
2001-04-03 15:55:00,1.85,449.0,-19
2001-04-03 16:00:00,2.55,450.3,-19
2001-04-03 16:05:00,-1.22,447.0,-19
2001-04-03 16:10:00,-2.83,445.8,-19
2001-04-03 16:15:00,-2.65,444.7,-19
2001-04-03 16:20:00,-2.53,445.1,-18
2001-04-03 16:25:00,-3.03,446.3,-17
2001-04-03 16:30:00,-4.28,448.4,-17
2001-04-03 16:35:00,-4.21,449.9,-16
2001-04-03 16:40:00,-4.37,450.0,-17
2001-04-03 16:45:00,-4.86,455.1,-18
2001-04-03 16:50:00,-3.55,452.5,-18
2001-04-03 16:55:00,-1.32,453.5,-21
2001-04-03 17:00:00,-0.79,454.4,-25
2001-04-03 17:05:00,-1.19,456.0,-25
2001-04-03 17:10:00,-1.15,458.6,-25
2001-04-03 17:15:00,-0.86,458.9,-25
2001-04-03 17:20:00,-0.88,457.9,-25
2001-04-03 17:25:00,-0.84,457.1,-24
2001-04-03 17:30:00,-0.74,457.9,-24
2001-04-03 17:35:00,0.14,456.1,-23
2001-04-03 17:40:00,0.89,450.8,-23
2001-04-03 17:45:00,1.59,447.3,-24
2001-04-03 17:50:00,1.72,445.9,-24
2001-04-03 17:55:00,2.40,445.3,-24
2001-04-03 18:00:00,2.29,444.0,-24
2001-04-03 18:05:00,3.15,446.3,-23
2001-04-03 18:10:00,2.91,444.7,-23
2001-04-03 18:15:00,2.76,447.4,-23
2001-04-03 18:20:00,2.91,447.7,-22
2001-04-03 18:25:00,2.04,443.1,-22
2001-04-03 18:30:00,3.20,454.5,-21
2001-04-03 18:35:00,0.43,449.2,-20
2001-04-03 18:40:00,0.72,445.9,-19
2001-04-03 18:45:00,1.47,444.5,-20
2001-04-03 18:50:00,1.84,444.5,-20
2001-04-03 18:55:00,2.42,444.6,-19
2001-04-03 19:00:00,2.43,447.9,-19
2001-04-03 19:05:00,2.44,446.8,-18
2001-04-03 19:10:00,2.03,449.0,-17
2001-04-03 19:15:00,3.12,451.1,-17
2001-04-03 19:20:00,3.42,457.7,-16
2001-04-03 19:25:00,2.75,453.2,-15
2001-04-03 19:30:00,0.31,447.9,-14
2001-04-03 19:35:00,0.27,450.1,-16
2001-04-03 19:40:00,0.41,446.3,-17
2001-04-03 19:45:00,1.20,451.0,-17
2001-04-03 19:50:00,1.53,450.6,-16
2001-04-03 19:55:00,0.75,444.4,-16
2001-04-03 20:00:00,1.14,448.2,-16
2001-04-03 20:05:00,-1.36,447.0,-15
2001-04-03 20:10:00,-1.96,448.9,-15
2001-04-03 20:15:00,-1.35,447.0,-15
2001-04-03 20:20:00,-0.16,445.6,-14
2001-04-03 20:25:00,1.61,454.0,-14
2001-04-03 20:30:00,2.13,460.9,-15
2001-04-03 20:35:00,0.54,461.0,-14
2001-04-03 20:40:00,2.17,452.7,-12
2001-04-03 20:45:00,4.66,462.7,-12
2001-04-03 20:50:00,4.87,463.8,-12
2001-04-03 20:55:00,3.86,461.6,-12
2001-04-03 21:00:00,3.56,454.9,-13
2001-04-03 21:05:00,3.03,454.3,-13
2001-04-03 21:10:00,1.75,454.8,-13
2001-04-03 21:15:00,3.39,454.9,-12
2001-04-03 21:20:00,3.57,462.1,-12
2001-04-03 21:25:00,2.60,469.8,-11
2001-04-03 21:30:00,4.11,458.8,-11
2001-04-03 21:35:00,1.83,457.1,-12
2001-04-03 21:40:00,3.06,461.8,-11
2001-04-03 21:45:00,2.21,470.8,-11
2001-04-03 21:50:00,1.45,460.7,-10
2001-04-03 21:55:00,0.46,462.3,-11
2001-04-03 22:00:00,0.82,453.8,-11
2001-04-03 22:05:00,1.34,449.0,-12
2001-04-03 22:10:00,1.86,446.1,-13
2001-04-03 22:15:00,1.65,446.8,-13
2001-04-03 22:20:00,1.70,448.9,-12
2001-04-03 22:25:00,1.65,451.1,-12
2001-04-03 22:30:00,1.26,449.5,-12
2001-04-03 22:35:00,-0.67,451.3,-11
2001-04-03 22:40:00,-0.28,453.8,-11
2001-04-03 22:45:00,-0.21,453.2,-11
2001-04-03 22:50:00,-0.95,457.0,-10
2001-04-03 22:55:00,-1.80,457.1,-10
2001-04-03 23:00:00,-1.27,458.3,-11
2001-04-03 23:05:00,-1.41,461.0,-11
2001-04-03 23:10:00,1.31,463.3,-11
2001-04-03 23:15:00,0.11,457.4,-10
2001-04-03 23:20:00,-0.16,465.2,-10
2001-04-03 23:25:00,-2.56,464.2,-12
2001-04-03 23:30:00,-1.53,454.2,-12
2001-04-03 23:35:00,-1.17,456.2,-14
2001-04-03 23:40:00,1.89,455.6,-14
2001-04-03 23:45:00,1.59,450.2,-15
2001-04-03 23:50:00,-0.57,453.4,-15
2001-04-03 23:55:00,0.85,446.1,-17
