datetime_utc,bz_gsm_nt,flow_speed_kms,sym_h_nt
2012-07-13 00:00:00,0.9,397.5,-7.0
2012-07-13 00:05:00,1.34,394.9,-7.0
2012-07-13 00:10:00,1.26,394.3,-8.0
2012-07-13 00:15:00,1.22,395.2,-8.0
2012-07-13 00:20:00,1.06,394.9,-8.0
2012-07-13 00:25:00,1.26,396.1,-7.0
2012-07-13 00:30:00,0.85,395.3,-7.0
2012-07-13 00:35:00,0.5,396.3,-7.0
2012-07-13 00:40:00,0.47,396.3,-8.0
2012-07-13 00:45:00,0.79,395.8,-7.0
2012-07-13 00:50:00,0.45,394.5,-7.0
2012-07-13 00:55:00,-0.35,391.3,-7.0
2012-07-13 01:00:00,0.46,390.5,-7.0
2012-07-13 01:05:00,1.03,394.7,-7.0
2012-07-13 01:10:00,0.98,395.6,-8.0
2012-07-13 01:15:00,1.21,395.8,-7.0
2012-07-13 01:20:00,1.18,397.1,-7.0
2012-07-13 01:25:00,1.04,395.1,-7.0
2012-07-13 01:30:00,0.41,394.9,-7.0
2012-07-13 01:35:00,0.99,394.1,-6.0
2012-07-13 01:40:00,1.17,394.5,-7.0
2012-07-13 01:45:00,1.23,,-7.0
2012-07-13 01:50:00,1.56,392.8,-6.0
2012-07-13 01:55:00,1.17,395.7,-7.0
2012-07-13 02:00:00,1.24,394.5,-7.0
2012-07-13 02:05:00,1.35,394.7,-8.0
2012-07-13 02:10:00,1.73,396.1,-8.0
2012-07-13 02:15:00,1.54,395.5,-7.0
2012-07-13 02:20:00,1.39,393.3,-8.0
2012-07-13 02:25:00,1.33,391.1,-7.0
2012-07-13 02:30:00,1.09,387.5,-7.0
2012-07-13 02:35:00,1.08,387.9,-7.0
2012-07-13 02:40:00,1.03,389.3,-7.0
2012-07-13 02:45:00,1.1,387.4,-7.0
2012-07-13 02:50:00,0.99,385.9,-8.0
2012-07-13 02:55:00,0.93,383.8,-8.0
2012-07-13 03:00:00,0.85,385.6,-7.0
2012-07-13 03:05:00,0.81,386.7,-7.0
2012-07-13 03:10:00,0.95,388.1,-8.0
2012-07-13 03:15:00,1.19,389.1,-7.0
2012-07-13 03:20:00,1.08,389.5,-7.0
2012-07-13 03:25:00,1.54,386.9,-7.0
2012-07-13 03:30:00,1.64,387.7,-7.0
2012-07-13 03:35:00,1.09,386.2,-7.0
2012-07-13 03:40:00,1.46,385.2,-7.0
2012-07-13 03:45:00,1.87,385.3,-8.0
2012-07-13 03:50:00,1.85,383.7,-9.0
2012-07-13 03:55:00,1.88,384.3,-9.0
2012-07-13 04:00:00,2.11,385.1,-9.0
2012-07-13 04:05:00,2.33,385.1,-10.0
2012-07-13 04:10:00,2.24,385.8,-10.0
2012-07-13 04:15:00,2.35,386.0,-10.0
2012-07-13 04:20:00,2.65,387.7,-8.0
2012-07-13 04:25:00,2.81,393.9,-8.0
2012-07-13 04:30:00,2.67,385.0,-8.0
2012-07-13 04:35:00,2.39,383.0,-8.0
2012-07-13 04:40:00,1.6,377.4,-8.0
2012-07-13 04:45:00,1.72,379.2,-8.0
2012-07-13 04:50:00,1.24,378.2,-8.0
2012-07-13 04:55:00,1.07,377.2,-7.0
2012-07-13 05:00:00,0.92,377.2,-7.0
2012-07-13 05:05:00,0.78,376.2,-7.0
2012-07-13 05:10:00,1.22,378.6,-7.0
2012-07-13 05:15:00,1.5,382.8,-7.0
2012-07-13 05:20:00,-0.21,373.6,-6.0
2012-07-13 05:25:00,-0.24,371.7,-7.0
2012-07-13 05:30:00,0.07,371.7,-7.0
2012-07-13 05:35:00,0.29,375.7,-7.0
2012-07-13 05:40:00,0.17,372.3,-6.0
2012-07-13 05:45:00,0.27,371.9,-5.0
2012-07-13 05:50:00,0.98,370.4,-5.0
2012-07-13 05:55:00,0.99,370.3,-4.0
2012-07-13 06:00:00,0.87,,-4.0
2012-07-13 06:05:00,0.82,370.3,-4.0
2012-07-13 06:10:00,0.79,369.9,-4.0
2012-07-13 06:15:00,0.54,,-4.0
2012-07-13 06:20:00,0.21,368.3,-4.0
2012-07-13 06:25:00,-0.16,367.1,-5.0
2012-07-13 06:30:00,-0.51,368.0,-6.0
2012-07-13 06:35:00,-0.73,368.7,-6.0
2012-07-13 06:40:00,-0.81,369.7,-5.0
2012-07-13 06:45:00,-0.27,368.8,-6.0
2012-07-13 06:50:00,0.17,368.0,-5.0
2012-07-13 06:55:00,-0.11,367.4,-4.0
2012-07-13 07:00:00,-0.17,367.4,-5.0
2012-07-13 07:05:00,0.11,366.2,-5.0
2012-07-13 07:10:00,0.4,364.5,-5.0
2012-07-13 07:15:00,-0.15,363.9,-5.0
2012-07-13 07:20:00,0.36,363.1,-5.0
2012-07-13 07:25:00,0.68,359.1,-6.0
2012-07-13 07:30:00,0.85,358.4,-7.0
2012-07-13 07:35:00,0.75,359.1,-7.0
2012-07-13 07:40:00,0.7,358.4,-7.0
2012-07-13 07:45:00,0.64,357.3,-7.0
2012-07-13 07:50:00,0.24,356.8,-7.0
2012-07-13 07:55:00,0.24,357.8,-7.0
2012-07-13 08:00:00,0.19,358.5,-7.0
2012-07-13 08:05:00,0.37,358.2,-7.0
2012-07-13 08:10:00,0.23,357.6,-7.0
2012-07-13 08:15:00,-0.13,356.3,-7.0
2012-07-13 08:20:00,0.01,355.7,-6.0
2012-07-13 08:25:00,0.0,354.1,-7.0
2012-07-13 08:30:00,0.2,354.6,-7.0
2012-07-13 08:35:00,0.46,352.3,-8.0
2012-07-13 08:40:00,0.52,352.5,-8.0
2012-07-13 08:45:00,-0.28,353.1,-8.0
2012-07-13 08:50:00,-0.93,355.7,-8.0
2012-07-13 08:55:00,-1.24,356.5,-8.0
2012-07-13 09:00:00,-1.38,355.5,-8.0
2012-07-13 09:05:00,-1.52,356.7,-8.0
2012-07-13 09:10:00,-1.27,357.9,-9.0
2012-07-13 09:15:00,-1.1,356.2,-9.0
2012-07-13 09:20:00,-1.14,354.9,-10.0
2012-07-13 09:25:00,-1.21,355.0,-10.0
2012-07-13 09:30:00,-1.23,,-11.0
2012-07-13 09:35:00,-1.19,,-11.0
2012-07-13 09:40:00,-1.26,,-11.0
2012-07-13 09:45:00,-1.35,355.4,-11.0
2012-07-13 09:50:00,-1.44,,-11.0
2012-07-13 09:55:00,-1.48,,-11.0
2012-07-13 10:00:00,-1.46,355.6,-10.0
2012-07-13 10:05:00,-0.89,356.3,-11.0
2012-07-13 10:10:00,-0.27,355.0,-11.0
2012-07-13 10:15:00,-0.71,353.8,-11.0
2012-07-13 10:20:00,-0.65,352.2,-11.0
2012-07-13 10:25:00,-0.91,351.7,-11.0
2012-07-13 10:30:00,-1.01,351.5,-10.0
2012-07-13 10:35:00,-1.08,352.5,-10.0
2012-07-13 10:40:00,-1.28,353.7,-10.0
2012-07-13 10:45:00,-1.07,353.8,-10.0
2012-07-13 10:50:00,-0.99,352.0,-10.0
2012-07-13 10:55:00,-0.91,351.4,-10.0
2012-07-13 11:00:00,-0.97,351.9,-10.0
2012-07-13 11:05:00,-0.5,349.7,-9.0
2012-07-13 11:10:00,-0.85,350.8,-9.0
2012-07-13 11:15:00,-1.26,354.4,-9.0
2012-07-13 11:20:00,-1.48,358.3,-9.0
2012-07-13 11:25:00,-1.62,359.1,-9.0
2012-07-13 11:30:00,-1.54,356.0,-9.0
2012-07-13 11:35:00,-1.56,354.3,-9.0
2012-07-13 11:40:00,-2.26,356.0,-8.0
2012-07-13 11:45:00,-2.2,356.8,-9.0
2012-07-13 11:50:00,-1.99,356.3,-9.0
2012-07-13 11:55:00,-2.04,357.6,-9.0
2012-07-13 12:00:00,-2.0,353.1,-9.0
2012-07-13 12:05:00,-2.05,353.1,-10.0
2012-07-13 12:10:00,-2.02,353.7,-10.0
2012-07-13 12:15:00,-2.0,354.5,-10.0
2012-07-13 12:20:00,-2.2,354.0,-10.0
2012-07-13 12:25:00,-2.48,361.7,-10.0
2012-07-13 12:30:00,-2.52,359.3,-10.0
2012-07-13 12:35:00,-1.98,358.0,-10.0
2012-07-13 12:40:00,-2.1,359.6,-10.0
2012-07-13 12:45:00,-2.24,359.0,-10.0
2012-07-13 12:50:00,-2.16,358.5,-10.0
2012-07-13 12:55:00,-2.38,360.3,-10.0
2012-07-13 13:00:00,-2.27,360.5,-10.0
2012-07-13 13:05:00,-1.64,354.6,-10.0
2012-07-13 13:10:00,-1.54,353.3,-9.0
2012-07-13 13:15:00,-1.67,354.0,-9.0
2012-07-13 13:20:00,-1.65,351.9,-9.0
2012-07-13 13:25:00,-1.76,352.5,-9.0
2012-07-13 13:30:00,-1.49,352.6,-9.0
2012-07-13 13:35:00,-1.05,350.3,-8.0
2012-07-13 13:40:00,-0.94,348.7,-8.0
2012-07-13 13:45:00,-0.93,348.3,-8.0
2012-07-13 13:50:00,-0.95,348.0,-8.0
2012-07-13 13:55:00,-0.95,348.1,-8.0
2012-07-13 14:00:00,-1.08,348.3,-8.0
2012-07-13 14:05:00,-1.12,348.1,-7.0
2012-07-13 14:10:00,-1.35,351.9,-7.0
2012-07-13 14:15:00,-1.27,350.7,-7.0
2012-07-13 14:20:00,-1.35,347.9,-7.0
2012-07-13 14:25:00,-1.3,347.6,-7.0
2012-07-13 14:30:00,-1.14,346.4,-6.0
2012-07-13 14:35:00,-0.77,343.2,-6.0
2012-07-13 14:40:00,-0.7,344.0,-5.0
2012-07-13 14:45:00,-0.9,344.1,-5.0
2012-07-13 14:50:00,-1.16,345.0,-5.0
2012-07-13 14:55:00,-1.28,344.8,-4.0
2012-07-13 15:00:00,-1.72,350.9,-4.0
2012-07-13 15:05:00,-1.58,351.6,-4.0
2012-07-13 15:10:00,-1.4,348.0,-4.0
2012-07-13 15:15:00,-1.87,351.2,-3.0
2012-07-13 15:20:00,-1.68,350.9,-3.0
2012-07-13 15:25:00,-1.49,347.8,-3.0
2012-07-13 15:30:00,-1.36,347.1,-3.0
2012-07-13 15:35:00,-1.14,347.2,-2.0
2012-07-13 15:40:00,-1.29,347.0,-2.0
2012-07-13 15:45:00,-1.24,347.8,-2.0
2012-07-13 15:50:00,-1.18,348.1,-2.0
2012-07-13 15:55:00,-1.32,347.6,-2.0
2012-07-13 16:00:00,-1.34,347.0,-1.0
2012-07-13 16:05:00,-1.46,344.1,-1.0
2012-07-13 16:10:00,-1.4,344.4,-1.0
2012-07-13 16:15:00,-1.27,343.9,0.0
2012-07-13 16:20:00,-1.11,343.2,0.0
2012-07-13 16:25:00,-1.01,342.2,0.0
2012-07-13 16:30:00,-0.79,341.2,0.0
2012-07-13 16:35:00,-0.86,340.6,0.0
2012-07-13 16:40:00,-0.83,341.8,1.0
2012-07-13 16:45:00,-0.71,341.7,1.0
2012-07-13 16:50:00,-0.74,340.8,1.0
2012-07-13 16:55:00,-0.74,342.5,1.0
2012-07-13 17:00:00,-0.77,342.0,1.0
2012-07-13 17:05:00,-0.73,341.6,2.0
2012-07-13 17:10:00,-0.79,342.4,2.0
2012-07-13 17:15:00,-1.01,341.5,2.0
2012-07-13 17:20:00,-0.3,342.7,2.0
2012-07-13 17:25:00,-0.11,341.2,3.0
2012-07-13 17:30:00,-0.23,339.8,3.0
2012-07-13 17:35:00,-0.08,338.3,3.0
2012-07-13 17:40:00,0.06,336.7,3.0
2012-07-13 17:45:00,-0.8,339.8,3.0
2012-07-13 17:50:00,-0.43,341.1,3.0
2012-07-13 17:55:00,-0.44,342.3,3.0
2012-07-13 18:00:00,-0.53,341.3,3.0
2012-07-13 18:05:00,-0.5,341.1,3.0
2012-07-13 18:10:00,-0.57,340.2,3.0
2012-07-13 18:15:00,-0.79,340.6,3.0
2012-07-13 18:20:00,-0.86,341.6,2.0
2012-07-13 18:25:00,-0.8,341.5,2.0
2012-07-13 18:30:00,-0.88,341.0,2.0
2012-07-13 18:35:00,-0.68,341.2,3.0
2012-07-13 18:40:00,-0.34,339.6,3.0
2012-07-13 18:45:00,-0.17,338.7,3.0
2012-07-13 18:50:00,-0.12,337.5,2.0
2012-07-13 18:55:00,-0.06,335.2,2.0
2012-07-13 19:00:00,0.02,335.1,2.0
2012-07-13 19:05:00,0.13,334.6,1.0
2012-07-13 19:10:00,0.04,335.1,2.0
2012-07-13 19:15:00,0.44,336.2,2.0
2012-07-13 19:20:00,0.29,335.0,2.0
2012-07-13 19:25:00,0.29,335.2,1.0
2012-07-13 19:30:00,0.23,333.1,1.0
2012-07-13 19:35:00,0.23,333.1,1.0
2012-07-13 19:40:00,0.47,333.3,1.0
2012-07-13 19:45:00,0.54,332.6,1.0
2012-07-13 19:50:00,0.7,332.7,1.0
2012-07-13 19:55:00,0.62,333.4,0.0
2012-07-13 20:00:00,0.69,332.8,0.0
2012-07-13 20:05:00,0.86,333.0,0.0
2012-07-13 20:10:00,1.02,333.2,0.0
2012-07-13 20:15:00,1.2,333.2,0.0
2012-07-13 20:20:00,1.12,333.2,0.0
2012-07-13 20:25:00,0.94,331.6,0.0
2012-07-13 20:30:00,1.09,329.1,0.0
2012-07-13 20:35:00,1.08,327.9,1.0
2012-07-13 20:40:00,1.17,327.7,1.0
2012-07-13 20:45:00,1.45,327.9,2.0
2012-07-13 20:50:00,1.81,329.7,3.0
2012-07-13 20:55:00,2.14,332.0,3.0
2012-07-13 21:00:00,0.05,339.4,3.0
2012-07-13 21:05:00,0.06,339.3,3.0
2012-07-13 21:10:00,-0.01,339.7,3.0
2012-07-13 21:15:00,-0.15,338.6,3.0
2012-07-13 21:20:00,-0.0,338.5,3.0
2012-07-13 21:25:00,-0.26,338.3,3.0
2012-07-13 21:30:00,-0.35,337.6,3.0
2012-07-13 21:35:00,-0.15,338.8,4.0
2012-07-13 21:40:00,-0.23,338.9,4.0
2012-07-13 21:45:00,-0.24,339.9,4.0
2012-07-13 21:50:00,-0.14,338.9,3.0
2012-07-13 21:55:00,-0.09,339.8,3.0
2012-07-13 22:00:00,-0.34,338.9,3.0
2012-07-13 22:05:00,-0.41,339.9,3.0
2012-07-13 22:10:00,-0.51,337.7,3.0
2012-07-13 22:15:00,-0.58,338.6,3.0
2012-07-13 22:20:00,-0.65,339.0,3.0
2012-07-13 22:25:00,-0.5,336.9,3.0
2012-07-13 22:30:00,-0.57,339.7,4.0
2012-07-13 22:35:00,-0.72,337.9,4.0
2012-07-13 22:40:00,-0.84,339.2,4.0
2012-07-13 22:45:00,-0.09,339.0,4.0
2012-07-13 22:50:00,0.13,338.2,4.0
2012-07-13 22:55:00,0.0,338.4,4.0
2012-07-13 23:00:00,-0.3,336.4,4.0
2012-07-13 23:05:00,-0.5,337.7,4.0
2012-07-13 23:10:00,-0.76,338.3,3.0
2012-07-13 23:15:00,-0.8,338.4,4.0
2012-07-13 23:20:00,-0.35,339.3,3.0
2012-07-13 23:25:00,-0.79,339.0,3.0
2012-07-13 23:30:00,-1.37,338.3,3.0
2012-07-13 23:35:00,-1.41,337.7,3.0
2012-07-13 23:40:00,-1.47,338.5,3.0
2012-07-13 23:45:00,-1.67,339.6,3.0
2012-07-13 23:50:00,-1.7,340.0,3.0
2012-07-13 23:55:00,-1.74,339.4,3.0
2012-07-14 00:00:00,-0.75,325.7,3.0
2012-07-14 00:05:00,-0.84,325.8,3.0
2012-07-14 00:10:00,-0.84,,3.0
2012-07-14 00:15:00,,,3.0
2012-07-14 00:20:00,-0.81,325.2,3.0
2012-07-14 00:25:00,-0.68,324.7,3.0
2012-07-14 00:30:00,-0.56,326.6,3.0
2012-07-14 00:35:00,-1.83,329.9,3.0
2012-07-14 00:40:00,-1.35,326.4,4.0
2012-07-14 00:45:00,-1.5,325.1,4.0
2012-07-14 00:50:00,-1.4,324.3,3.0
2012-07-14 00:55:00,-0.67,321.4,2.0
2012-07-14 01:00:00,0.85,325.8,2.0
2012-07-14 01:05:00,1.13,327.1,2.0
2012-07-14 01:10:00,0.8,326.2,1.0
2012-07-14 01:15:00,-0.23,326.6,1.0
2012-07-14 01:20:00,0.06,324.5,0.0
2012-07-14 01:25:00,0.28,324.6,0.0
2012-07-14 01:30:00,0.17,323.7,0.0
2012-07-14 01:35:00,0.22,325.2,0.0
2012-07-14 01:40:00,0.31,325.6,0.0
2012-07-14 01:45:00,0.03,326.1,0.0
2012-07-14 01:50:00,0.13,324.4,0.0
2012-07-14 01:55:00,0.33,326.9,0.0
2012-07-14 02:00:00,0.89,329.8,1.0
2012-07-14 02:05:00,0.7,327.7,0.0
2012-07-14 02:10:00,1.93,326.8,0.0
2012-07-14 02:15:00,2.52,331.1,0.0
2012-07-14 02:20:00,2.3,329.6,-1.0
2012-07-14 02:25:00,3.04,333.4,-1.0
2012-07-14 02:30:00,3.55,339.7,-2.0
2012-07-14 02:35:00,3.43,346.7,-2.0
2012-07-14 02:40:00,3.26,330.9,-2.0
2012-07-14 02:45:00,2.3,335.2,-1.0
2012-07-14 02:50:00,0.81,322.2,-1.0
2012-07-14 02:55:00,1.06,322.7,-1.0
2012-07-14 03:00:00,0.92,321.7,-2.0
2012-07-14 03:05:00,0.6,321.4,-1.0
2012-07-14 03:10:00,0.57,320.6,-1.0
2012-07-14 03:15:00,0.72,320.9,0.0
2012-07-14 03:20:00,0.79,320.0,2.0
2012-07-14 03:25:00,1.51,323.6,3.0
2012-07-14 03:30:00,1.95,326.1,4.0
2012-07-14 03:35:00,1.77,328.0,5.0
2012-07-14 03:40:00,1.38,324.8,3.0
2012-07-14 03:45:00,1.67,325.9,1.0
2012-07-14 03:50:00,1.43,325.0,1.0
2012-07-14 03:55:00,0.85,327.0,1.0
2012-07-14 04:00:00,0.58,327.7,0.0
2012-07-14 04:05:00,0.91,330.0,0.0
2012-07-14 04:10:00,0.94,329.1,1.0
2012-07-14 04:15:00,0.83,328.2,1.0
2012-07-14 04:20:00,0.67,329.8,2.0
2012-07-14 04:25:00,0.49,328.1,2.0
2012-07-14 04:30:00,0.5,326.9,2.0
2012-07-14 04:35:00,0.16,326.2,3.0
2012-07-14 04:40:00,-0.79,324.5,3.0
2012-07-14 04:45:00,-1.01,322.4,3.0
2012-07-14 04:50:00,-1.15,330.6,2.0
2012-07-14 04:55:00,-1.58,325.8,2.0
2012-07-14 05:00:00,-1.37,,2.0
2012-07-14 05:05:00,-0.9,322.1,2.0
2012-07-14 05:10:00,-1.06,322.6,3.0
2012-07-14 05:15:00,-0.35,326.7,4.0
2012-07-14 05:20:00,-0.27,327.0,4.0
2012-07-14 05:25:00,-1.16,324.1,4.0
2012-07-14 05:30:00,-0.14,320.4,6.0
2012-07-14 05:35:00,-0.58,324.2,6.0
2012-07-14 05:40:00,1.17,323.2,6.0
2012-07-14 05:45:00,1.79,322.1,6.0
2012-07-14 05:50:00,0.37,319.5,6.0
2012-07-14 05:55:00,-1.64,323.1,6.0
2012-07-14 06:00:00,,,6.0
2012-07-14 06:05:00,,,6.0
2012-07-14 06:10:00,-1.54,327.0,5.0
2012-07-14 06:15:00,-1.61,326.7,5.0
2012-07-14 06:20:00,0.95,325.1,6.0
2012-07-14 06:25:00,0.99,317.3,5.0
2012-07-14 06:30:00,1.37,317.7,5.0
2012-07-14 06:35:00,1.43,316.6,4.0
2012-07-14 06:40:00,0.84,316.1,4.0
2012-07-14 06:45:00,0.51,314.8,4.0
2012-07-14 06:50:00,0.74,314.4,5.0
2012-07-14 06:55:00,-0.32,318.6,5.0
2012-07-14 07:00:00,0.68,316.0,5.0
2012-07-14 07:05:00,-0.03,317.5,5.0
2012-07-14 07:10:00,-0.22,318.3,5.0
2012-07-14 07:15:00,-0.25,315.9,5.0
2012-07-14 07:20:00,-0.57,315.8,5.0
2012-07-14 07:25:00,-0.95,314.3,5.0
2012-07-14 07:30:00,-1.36,315.1,5.0
2012-07-14 07:35:00,-1.7,318.1,5.0
2012-07-14 07:40:00,-1.71,317.3,5.0
2012-07-14 07:45:00,-1.32,314.0,5.0
2012-07-14 07:50:00,-1.06,312.6,5.0
2012-07-14 07:55:00,-1.78,314.9,5.0
2012-07-14 08:00:00,-1.31,313.8,5.0
2012-07-14 08:05:00,-1.35,313.8,5.0
2012-07-14 08:10:00,-1.25,312.5,6.0
2012-07-14 08:15:00,-1.35,313.6,7.0
2012-07-14 08:20:00,-1.72,313.5,8.0
2012-07-14 08:25:00,-1.88,313.7,8.0
2012-07-14 08:30:00,-1.91,314.9,9.0
2012-07-14 08:35:00,-1.34,311.4,9.0
2012-07-14 08:40:00,-0.95,310.0,9.0
2012-07-14 08:45:00,-0.37,310.7,8.0
2012-07-14 08:50:00,-0.31,308.5,8.0
2012-07-14 08:55:00,-0.82,308.5,9.0
2012-07-14 09:00:00,-0.97,309.2,9.0
2012-07-14 09:05:00,-0.87,312.0,9.0
2012-07-14 09:10:00,-0.93,310.4,8.0
2012-07-14 09:15:00,-0.85,309.1,9.0
2012-07-14 09:20:00,-1.11,310.0,8.0
2012-07-14 09:25:00,1.3,324.2,8.0
2012-07-14 09:30:00,1.34,318.1,7.0
2012-07-14 09:35:00,0.46,316.5,7.0
2012-07-14 09:40:00,0.42,312.8,6.0
2012-07-14 09:45:00,-0.67,310.6,6.0
2012-07-14 09:50:00,-0.92,311.8,5.0
2012-07-14 09:55:00,-0.22,314.2,5.0
2012-07-14 10:00:00,-1.99,,4.0
2012-07-14 10:05:00,-2.0,315.5,4.0
2012-07-14 10:10:00,-1.92,,4.0
2012-07-14 10:15:00,-2.21,319.5,4.0
2012-07-14 10:20:00,-2.48,320.5,4.0
2012-07-14 10:25:00,-2.72,314.7,5.0
2012-07-14 10:30:00,-2.45,321.6,3.0
2012-07-14 10:35:00,-2.41,326.5,2.0
2012-07-14 10:40:00,-1.32,,2.0
2012-07-14 10:45:00,-1.76,311.0,2.0
2012-07-14 10:50:00,-2.74,325.7,2.0
2012-07-14 10:55:00,-3.26,330.6,3.0
2012-07-14 11:00:00,-3.97,330.6,4.0
2012-07-14 11:05:00,-4.39,331.1,4.0
2012-07-14 11:10:00,-4.36,327.0,4.0
2012-07-14 11:15:00,-4.24,325.3,4.0
2012-07-14 11:20:00,-4.01,321.8,6.0
2012-07-14 11:25:00,-3.2,,7.0
2012-07-14 11:30:00,-2.04,328.0,7.0
2012-07-14 11:35:00,-1.88,324.7,6.0
2012-07-14 11:40:00,-2.09,323.2,5.0
2012-07-14 11:45:00,-2.21,324.6,5.0
2012-07-14 11:50:00,-1.79,325.5,5.0
2012-07-14 11:55:00,-1.33,342.2,4.0
2012-07-14 12:00:00,-1.88,354.5,4.0
2012-07-14 12:05:00,-2.27,333.0,5.0
2012-07-14 12:10:00,-2.17,322.2,4.0
2012-07-14 12:15:00,-2.29,324.1,4.0
2012-07-14 12:20:00,-2.49,326.3,3.0
2012-07-14 12:25:00,-1.85,325.7,3.0
2012-07-14 12:30:00,-1.62,325.1,3.0
2012-07-14 12:35:00,0.02,333.9,3.0
2012-07-14 12:40:00,1.34,344.4,4.0
2012-07-14 12:45:00,1.58,343.7,4.0
2012-07-14 12:50:00,3.05,342.6,5.0
2012-07-14 12:55:00,2.87,341.6,4.0
2012-07-14 13:00:00,3.5,352.3,3.0
2012-07-14 13:05:00,1.82,344.3,4.0
2012-07-14 13:10:00,0.24,335.0,4.0
2012-07-14 13:15:00,-0.32,341.3,4.0
2012-07-14 13:20:00,-0.05,339.9,3.0
2012-07-14 13:25:00,-2.88,342.7,4.0
2012-07-14 13:30:00,-2.24,336.0,6.0
2012-07-14 13:35:00,-1.91,339.1,6.0
2012-07-14 13:40:00,-1.97,345.7,6.0
2012-07-14 13:45:00,-1.41,335.3,5.0
2012-07-14 13:50:00,-1.42,338.7,5.0
2012-07-14 13:55:00,-2.15,,5.0
2012-07-14 14:00:00,-2.2,335.6,5.0
2012-07-14 14:05:00,-1.86,337.4,6.0
2012-07-14 14:10:00,-2.06,340.3,6.0
2012-07-14 14:15:00,-1.91,,4.0
2012-07-14 14:20:00,-1.65,334.9,5.0
2012-07-14 14:25:00,-2.48,337.2,5.0
2012-07-14 14:30:00,-2.66,337.1,4.0
2012-07-14 14:35:00,-0.53,340.8,4.0
2012-07-14 14:40:00,1.06,344.7,4.0
2012-07-14 14:45:00,3.08,369.0,6.0
2012-07-14 14:50:00,1.85,358.0,7.0
2012-07-14 14:55:00,1.71,368.1,8.0
2012-07-14 15:00:00,2.77,367.8,9.0
2012-07-14 15:05:00,2.7,372.2,9.0
2012-07-14 15:10:00,2.25,368.9,9.0
2012-07-14 15:15:00,1.26,366.4,10.0
2012-07-14 15:20:00,2.56,371.8,10.0
2012-07-14 15:25:00,4.22,375.4,11.0
2012-07-14 15:30:00,4.01,367.0,11.0
2012-07-14 15:35:00,5.1,370.9,11.0
2012-07-14 15:40:00,5.21,374.2,11.0
2012-07-14 15:45:00,3.16,363.0,10.0
2012-07-14 15:50:00,0.65,362.0,10.0
2012-07-14 15:55:00,-2.48,355.6,9.0
2012-07-14 16:00:00,-2.67,352.8,6.0
2012-07-14 16:05:00,-2.54,357.3,6.0
2012-07-14 16:10:00,-3.16,368.1,5.0
2012-07-14 16:15:00,-3.13,369.5,4.0
2012-07-14 16:20:00,-2.59,360.5,5.0
2012-07-14 16:25:00,-1.34,352.2,5.0
2012-07-14 16:30:00,-2.28,357.9,4.0
2012-07-14 16:35:00,-2.35,358.9,4.0
2012-07-14 16:40:00,-2.28,356.3,4.0
2012-07-14 16:45:00,-1.99,353.7,4.0
2012-07-14 16:50:00,-2.06,353.1,5.0
2012-07-14 16:55:00,-2.17,351.5,6.0
2012-07-14 17:00:00,-1.07,356.9,5.0
2012-07-14 17:05:00,-1.64,350.4,7.0
2012-07-14 17:10:00,-1.79,359.4,7.0
2012-07-14 17:15:00,-1.34,357.6,7.0
2012-07-14 17:20:00,-1.21,364.1,8.0
2012-07-14 17:25:00,-1.67,415.2,11.0
2012-07-14 17:30:00,-0.68,366.8,10.0
2012-07-14 17:35:00,-0.79,387.4,10.0
2012-07-14 17:40:00,-2.19,408.5,9.0
2012-07-14 17:45:00,-3.2,369.4,8.0
2012-07-14 17:50:00,-2.32,361.4,8.0
2012-07-14 17:55:00,-3.39,369.7,8.0
2012-07-14 18:00:00,-4.76,362.5,9.0
2012-07-14 18:05:00,-3.76,359.1,9.0
2012-07-14 18:10:00,-5.85,426.4,40.0
2012-07-14 18:15:00,-9.37,573.4,41.0
2012-07-14 18:20:00,-6.81,514.1,39.0
2012-07-14 18:25:00,-7.42,565.2,27.0
2012-07-14 18:30:00,-4.82,373.8,29.0
2012-07-14 18:35:00,-4.44,531.6,31.0
2012-07-14 18:40:00,-9.42,511.1,26.0
2012-07-14 18:45:00,-9.04,,24.0
2012-07-14 18:50:00,-8.09,602.0,19.0
2012-07-14 18:55:00,-0.8,597.5,19.0
2012-07-14 19:00:00,0.31,602.8,22.0
2012-07-14 19:05:00,-12.28,584.0,21.0
2012-07-14 19:10:00,-13.33,586.3,25.0
2012-07-14 19:15:00,-11.74,565.9,22.0
2012-07-14 19:20:00,-10.6,579.3,20.0
2012-07-14 19:25:00,-9.44,584.9,19.0
2012-07-14 19:30:00,-5.55,574.1,18.0
2012-07-14 19:35:00,-6.17,574.3,17.0
2012-07-14 19:40:00,-6.57,574.3,16.0
2012-07-14 19:45:00,-7.3,574.8,12.0
2012-07-14 19:50:00,-7.51,567.7,7.0
2012-07-14 19:55:00,-7.41,578.7,7.0
2012-07-14 20:00:00,-2.5,587.7,8.0
2012-07-14 20:05:00,-3.52,593.8,9.0
2012-07-14 20:10:00,-6.89,593.7,9.0
2012-07-14 20:15:00,-7.39,,9.0
2012-07-14 20:20:00,-11.52,583.6,10.0
2012-07-14 20:25:00,-11.42,572.2,17.0
2012-07-14 20:30:00,-8.52,561.3,17.0
2012-07-14 20:35:00,-8.27,562.4,14.0
2012-07-14 20:40:00,-2.3,566.7,10.0
2012-07-14 20:45:00,-0.84,575.8,9.0
2012-07-14 20:50:00,3.65,564.7,4.0
2012-07-14 20:55:00,4.11,566.2,0.0
2012-07-14 21:00:00,-1.18,558.2,-2.0
2012-07-14 21:05:00,-1.14,550.2,2.0
2012-07-14 21:10:00,0.58,562.3,4.0
2012-07-14 21:15:00,-0.46,568.7,5.0
2012-07-14 21:20:00,-6.4,575.0,9.0
2012-07-14 21:25:00,-6.5,571.7,13.0
2012-07-14 21:30:00,-10.6,585.9,16.0
2012-07-14 21:35:00,-9.25,581.6,22.0
2012-07-14 21:40:00,-10.76,583.7,33.0
2012-07-14 21:45:00,2.74,580.2,35.0
2012-07-14 21:50:00,6.11,572.0,25.0
2012-07-14 21:55:00,8.17,564.6,22.0
2012-07-14 22:00:00,8.9,551.4,19.0
2012-07-14 22:05:00,10.97,563.6,19.0
2012-07-14 22:10:00,10.11,553.8,18.0
2012-07-14 22:15:00,4.73,559.3,24.0
2012-07-14 22:20:00,-6.75,558.9,11.0
2012-07-14 22:25:00,-8.16,569.0,15.0
2012-07-14 22:30:00,-8.07,573.2,10.0
2012-07-14 22:35:00,-7.15,578.1,12.0
2012-07-14 22:40:00,-0.14,591.4,17.0
2012-07-14 22:45:00,-0.85,594.8,15.0
2012-07-14 22:50:00,-0.26,597.4,10.0
2012-07-14 22:55:00,0.81,603.0,9.0
2012-07-14 23:00:00,7.75,618.4,4.0
2012-07-14 23:05:00,10.52,629.9,3.0
2012-07-14 23:10:00,11.28,625.2,2.0
2012-07-14 23:15:00,8.66,615.2,-2.0
2012-07-14 23:20:00,19.71,,4.0
2012-07-14 23:25:00,20.33,645.9,5.0
2012-07-14 23:30:00,19.87,647.7,3.0
2012-07-14 23:35:00,13.3,658.2,4.0
2012-07-14 23:40:00,9.31,653.2,23.0
2012-07-14 23:45:00,2.68,654.4,22.0
2012-07-14 23:50:00,0.52,664.0,27.0
2012-07-14 23:55:00,9.07,672.6,25.0
2012-07-15 00:00:00,8.0,683.4,21.0
2012-07-15 00:05:00,8.69,664.3,25.0
2012-07-15 00:10:00,6.74,662.4,26.0
2012-07-15 00:15:00,5.53,660.2,26.0
2012-07-15 00:20:00,8.13,665.2,24.0
2012-07-15 00:25:00,7.53,676.0,24.0
2012-07-15 00:30:00,-5.1,683.5,21.0
2012-07-15 00:35:00,3.5,683.6,17.0
2012-07-15 00:40:00,3.27,643.9,24.0
2012-07-15 00:45:00,1.55,644.3,34.0
2012-07-15 00:50:00,0.17,649.2,33.0
2012-07-15 00:55:00,-0.45,646.9,28.0
2012-07-15 01:00:00,-1.33,658.2,24.0
2012-07-15 01:05:00,-2.08,669.4,21.0
2012-07-15 01:10:00,-1.34,681.8,17.0
2012-07-15 01:15:00,-2.25,677.6,16.0
2012-07-15 01:20:00,-3.49,675.6,15.0
2012-07-15 01:25:00,-0.59,657.8,13.0
2012-07-15 01:30:00,2.06,645.1,11.0
2012-07-15 01:35:00,0.09,644.2,14.0
2012-07-15 01:40:00,-1.91,650.2,14.0
2012-07-15 01:45:00,-3.12,671.6,12.0
2012-07-15 01:50:00,-3.36,659.5,7.0
2012-07-15 01:55:00,-0.32,646.4,2.0
2012-07-15 02:00:00,-1.84,634.4,-4.0
2012-07-15 02:05:00,-1.16,623.2,-6.0
2012-07-15 02:10:00,-1.09,635.5,-4.0
2012-07-15 02:15:00,1.23,649.8,-3.0
2012-07-15 02:20:00,1.38,627.0,-6.0
2012-07-15 02:25:00,0.94,649.2,-8.0
2012-07-15 02:30:00,-0.93,655.7,-11.0
2012-07-15 02:35:00,-2.99,635.7,-14.0
2012-07-15 02:40:00,-3.79,641.9,-9.0
2012-07-15 02:45:00,-5.6,652.6,-2.0
2012-07-15 02:50:00,-6.7,665.8,2.0
2012-07-15 02:55:00,-4.45,640.0,3.0
2012-07-15 03:00:00,-2.89,638.4,-1.0
2012-07-15 03:05:00,-4.62,650.4,-6.0
2012-07-15 03:10:00,-4.51,649.4,-7.0
2012-07-15 03:15:00,-4.39,,-8.0
2012-07-15 03:20:00,-4.08,652.1,-6.0
2012-07-15 03:25:00,-3.86,654.6,-13.0
2012-07-15 03:30:00,-4.36,655.5,-11.0
2012-07-15 03:35:00,-2.61,657.1,-13.0
2012-07-15 03:40:00,-5.49,666.5,-17.0
2012-07-15 03:45:00,-5.58,672.3,-20.0
2012-07-15 03:50:00,-3.56,675.5,-28.0
2012-07-15 03:55:00,-3.07,654.0,-34.0
2012-07-15 04:00:00,-1.64,652.7,-35.0
2012-07-15 04:05:00,-0.64,659.7,-33.0
2012-07-15 04:10:00,1.32,652.1,-31.0
2012-07-15 04:15:00,2.22,639.1,-27.0
2012-07-15 04:20:00,1.93,642.0,-26.0
2012-07-15 04:25:00,2.76,643.5,-26.0
2012-07-15 04:30:00,2.35,638.4,-28.0
2012-07-15 04:35:00,-8.29,637.4,-26.0
2012-07-15 04:40:00,-3.45,641.8,-27.0
2012-07-15 04:45:00,-5.31,640.6,-27.0
2012-07-15 04:50:00,-4.03,656.8,-27.0
2012-07-15 04:55:00,-1.3,647.0,-23.0
2012-07-15 05:00:00,-3.55,614.7,-9.0
2012-07-15 05:05:00,-1.13,626.0,-5.0
2012-07-15 05:10:00,-0.46,626.0,-1.0
2012-07-15 05:15:00,0.43,632.5,0.0
2012-07-15 05:20:00,3.05,634.4,-4.0
2012-07-15 05:25:00,-2.12,628.8,-7.0
2012-07-15 05:30:00,-2.72,622.4,-8.0
2012-07-15 05:35:00,0.94,622.4,-17.0
2012-07-15 05:40:00,-0.87,617.0,-22.0
2012-07-15 05:45:00,-0.54,604.7,-28.0
2012-07-15 05:50:00,2.57,614.1,-29.0
2012-07-15 05:55:00,1.29,627.2,-23.0
2012-07-15 06:00:00,-1.8,608.5,-23.0
2012-07-15 06:05:00,-5.69,598.4,-19.0
2012-07-15 06:10:00,-5.17,593.0,-17.0
2012-07-15 06:15:00,-3.53,586.5,-15.0
2012-07-15 06:20:00,-5.36,585.2,-13.0
2012-07-15 06:25:00,-5.44,588.9,-13.0
2012-07-15 06:30:00,-4.55,587.2,-13.0
2012-07-15 06:35:00,7.78,593.8,-13.0
2012-07-15 06:40:00,3.31,620.2,-9.0
2012-07-15 06:45:00,-5.64,585.8,-30.0
2012-07-15 06:50:00,-9.5,600.6,-51.0
2012-07-15 06:55:00,-17.04,650.1,-54.0
2012-07-15 07:00:00,-16.32,576.3,-52.0
2012-07-15 07:05:00,-17.04,580.4,-47.0
2012-07-15 07:10:00,-15.22,571.2,-40.0
2012-07-15 07:15:00,-15.59,579.3,-39.0
2012-07-15 07:20:00,-15.51,589.0,-47.0
2012-07-15 07:25:00,-16.66,606.2,-50.0
2012-07-15 07:30:00,-17.5,609.9,-54.0
2012-07-15 07:35:00,-17.49,607.8,-63.0
2012-07-15 07:40:00,-17.8,599.9,-68.0
2012-07-15 07:45:00,-17.75,610.9,-63.0
2012-07-15 07:50:00,-17.57,599.8,-65.0
2012-07-15 07:55:00,-17.53,615.0,-66.0
2012-07-15 08:00:00,-16.01,613.0,-72.0
2012-07-15 08:05:00,-15.14,621.6,-77.0
2012-07-15 08:10:00,-16.21,625.5,-80.0
2012-07-15 08:15:00,-17.33,621.9,-83.0
2012-07-15 08:20:00,-17.86,620.2,-85.0
2012-07-15 08:25:00,-18.58,614.0,-88.0
2012-07-15 08:30:00,-17.81,608.3,-88.0
2012-07-15 08:35:00,-18.63,608.5,-89.0
2012-07-15 08:40:00,-17.87,615.4,-88.0
2012-07-15 08:45:00,-17.36,616.2,-90.0
2012-07-15 08:50:00,-17.25,617.2,-97.0
2012-07-15 08:55:00,-19.29,608.5,-101.0
2012-07-15 09:00:00,-18.75,609.9,-114.0
2012-07-15 09:05:00,-18.39,611.8,-116.0
2012-07-15 09:10:00,-18.04,614.4,-117.0
2012-07-15 09:15:00,-18.0,614.9,-114.0
2012-07-15 09:20:00,-18.6,625.5,-111.0
2012-07-15 09:25:00,-18.18,616.9,-109.0
2012-07-15 09:30:00,-18.16,616.1,-111.0
2012-07-15 09:35:00,-18.02,624.6,-112.0
2012-07-15 09:40:00,-17.9,621.9,-115.0
2012-07-15 09:45:00,-17.85,614.3,-115.0
2012-07-15 09:50:00,-17.93,614.6,-117.0
2012-07-15 09:55:00,-17.65,613.0,-119.0
2012-07-15 10:00:00,-17.76,611.0,-122.0
2012-07-15 10:05:00,-17.56,610.2,-122.0
2012-07-15 10:10:00,-17.54,613.6,-121.0
2012-07-15 10:15:00,-17.42,613.0,-122.0
2012-07-15 10:20:00,-18.23,617.5,-121.0
2012-07-15 10:25:00,-18.3,614.9,-118.0
2012-07-15 10:30:00,-18.63,607.7,-115.0
2012-07-15 10:35:00,-18.99,603.8,-112.0
2012-07-15 10:40:00,-18.8,601.0,-102.0
2012-07-15 10:45:00,-19.32,599.7,-96.0
2012-07-15 10:50:00,-19.58,600.9,-103.0
2012-07-15 10:55:00,-19.92,603.1,-110.0
2012-07-15 11:00:00,-19.1,609.2,-114.0
2012-07-15 11:05:00,-18.73,605.3,-117.0
2012-07-15 11:10:00,-18.25,607.4,-118.0
2012-07-15 11:15:00,-18.63,605.0,-117.0
2012-07-15 11:20:00,-19.29,610.7,-115.0
2012-07-15 11:25:00,-19.23,612.5,-109.0
2012-07-15 11:30:00,-18.69,609.6,-105.0
2012-07-15 11:35:00,-18.38,599.0,-102.0
2012-07-15 11:40:00,-18.11,600.0,-103.0
2012-07-15 11:45:00,-18.69,604.9,-103.0
2012-07-15 11:50:00,-18.6,602.1,-102.0
2012-07-15 11:55:00,-18.37,603.1,-104.0
2012-07-15 12:00:00,-17.87,597.8,-106.0
2012-07-15 12:05:00,-17.81,599.5,-108.0
2012-07-15 12:10:00,-17.66,597.8,-108.0
2012-07-15 12:15:00,-17.18,597.1,-109.0
2012-07-15 12:20:00,-16.84,587.9,-109.0
2012-07-15 12:25:00,-16.66,583.0,-108.0
2012-07-15 12:30:00,-16.63,573.1,-107.0
2012-07-15 12:35:00,-16.19,567.8,-107.0
2012-07-15 12:40:00,-15.32,564.6,-108.0
2012-07-15 12:45:00,-14.53,565.9,-108.0
2012-07-15 12:50:00,-15.36,562.3,-109.0
2012-07-15 12:55:00,-15.71,562.4,-109.0
2012-07-15 13:00:00,-17.09,568.1,-110.0
2012-07-15 13:05:00,-17.28,565.2,-111.0
2012-07-15 13:10:00,-16.83,564.6,-111.0
2012-07-15 13:15:00,-16.67,565.4,-111.0
2012-07-15 13:20:00,-17.14,,-108.0
2012-07-15 13:25:00,-17.02,567.4,-107.0
2012-07-15 13:30:00,-17.03,567.4,-107.0
2012-07-15 13:35:00,-17.09,566.0,-107.0
2012-07-15 13:40:00,-16.93,565.5,-108.0
2012-07-15 13:45:00,-17.06,571.7,-109.0
2012-07-15 13:50:00,-16.82,567.8,-109.0
2012-07-15 13:55:00,-17.47,567.1,-109.0
2012-07-15 14:00:00,-17.74,566.1,-108.0
2012-07-15 14:05:00,-17.85,566.5,-107.0
2012-07-15 14:10:00,-17.99,564.6,-107.0
2012-07-15 14:15:00,-17.89,567.2,-109.0
2012-07-15 14:20:00,-17.76,566.4,-108.0
2012-07-15 14:25:00,-18.23,565.9,-109.0
2012-07-15 14:30:00,-17.64,567.1,-110.0
2012-07-15 14:35:00,-17.38,565.1,-111.0
2012-07-15 14:40:00,-16.88,570.0,-112.0
2012-07-15 14:45:00,-16.65,562.4,-111.0
2012-07-15 14:50:00,-16.62,565.1,-110.0
2012-07-15 14:55:00,-16.91,565.7,-110.0
2012-07-15 15:00:00,-16.46,566.8,-111.0
2012-07-15 15:05:00,-16.55,570.1,-111.0
2012-07-15 15:10:00,-16.55,569.4,-111.0
2012-07-15 15:15:00,-16.32,569.1,-113.0
2012-07-15 15:20:00,-16.71,567.6,-114.0
2012-07-15 15:25:00,-16.24,567.4,-112.0
2012-07-15 15:30:00,-16.3,564.2,-112.0
2012-07-15 15:35:00,-16.34,564.9,-113.0
2012-07-15 15:40:00,-16.26,563.6,-115.0
2012-07-15 15:45:00,-16.0,567.8,-116.0
2012-07-15 15:50:00,-16.78,568.2,-116.0
2012-07-15 15:55:00,-17.4,573.4,-115.0
2012-07-15 16:00:00,-16.7,570.3,-115.0
2012-07-15 16:05:00,-16.67,573.3,-113.0
2012-07-15 16:10:00,-16.57,571.1,-110.0
2012-07-15 16:15:00,-16.26,572.0,-110.0
2012-07-15 16:20:00,-16.09,570.0,-112.0
2012-07-15 16:25:00,-16.42,569.6,-112.0
2012-07-15 16:30:00,-16.65,570.6,-112.0
2012-07-15 16:35:00,-16.91,570.6,-115.0
2012-07-15 16:40:00,-17.17,567.2,-115.0
2012-07-15 16:45:00,-17.27,564.0,-113.0
2012-07-15 16:50:00,-17.17,559.5,-114.0
2012-07-15 16:55:00,-17.21,559.8,-116.0
2012-07-15 17:00:00,-16.89,564.2,-113.0
2012-07-15 17:05:00,-16.71,564.9,-112.0
2012-07-15 17:10:00,-17.01,564.8,-110.0
2012-07-15 17:15:00,-17.09,564.5,-107.0
2012-07-15 17:20:00,-17.36,566.6,-106.0
2012-07-15 17:25:00,-17.26,565.8,-106.0
2012-07-15 17:30:00,-16.39,562.1,-106.0
2012-07-15 17:35:00,-17.48,561.2,-109.0
2012-07-15 17:40:00,-17.42,560.3,-110.0
2012-07-15 17:45:00,-16.76,556.5,-110.0
2012-07-15 17:50:00,-16.6,553.3,-112.0
2012-07-15 17:55:00,-15.5,550.8,-113.0
2012-07-15 18:00:00,-15.4,555.0,-111.0
2012-07-15 18:05:00,-15.68,557.1,-111.0
2012-07-15 18:10:00,-15.79,554.2,-112.0
2012-07-15 18:15:00,-15.94,551.9,-115.0
2012-07-15 18:20:00,-16.05,550.4,-113.0
2012-07-15 18:25:00,-16.77,551.9,-118.0
2012-07-15 18:30:00,-17.19,549.0,-115.0
2012-07-15 18:35:00,-16.32,544.8,-114.0
2012-07-15 18:40:00,-15.97,542.1,-112.0
2012-07-15 18:45:00,-15.95,540.0,-115.0
2012-07-15 18:50:00,-15.41,539.4,-115.0
2012-07-15 18:55:00,-15.81,543.7,-111.0
2012-07-15 19:00:00,-16.04,544.0,-108.0
2012-07-15 19:05:00,-15.84,542.1,-103.0
2012-07-15 19:10:00,-16.19,543.6,-104.0
2012-07-15 19:15:00,-16.19,543.8,-104.0
2012-07-15 19:20:00,-15.73,538.6,-105.0
2012-07-15 19:25:00,-15.7,534.9,-100.0
2012-07-15 19:30:00,-15.36,533.3,-90.0
2012-07-15 19:35:00,-15.02,533.1,-90.0
2012-07-15 19:40:00,-15.03,534.2,-97.0
2012-07-15 19:45:00,-14.74,538.8,-99.0
2012-07-15 19:50:00,-14.72,535.3,-100.0
2012-07-15 19:55:00,-15.45,535.8,-102.0
2012-07-15 20:00:00,-15.39,530.8,-99.0
2012-07-15 20:05:00,-15.31,527.6,-100.0
2012-07-15 20:10:00,-15.04,524.2,-101.0
2012-07-15 20:15:00,-15.19,535.2,-102.0
2012-07-15 20:20:00,-15.19,537.2,-105.0
2012-07-15 20:25:00,-15.14,531.2,-106.0
2012-07-15 20:30:00,-14.81,529.1,-106.0
2012-07-15 20:35:00,-15.02,526.2,-105.0
2012-07-15 20:40:00,-15.46,523.3,-105.0
2012-07-15 20:45:00,-15.72,529.3,-106.0
2012-07-15 20:50:00,-16.33,525.1,-106.0
2012-07-15 20:55:00,-16.13,515.3,-107.0
2012-07-15 21:00:00,-15.83,519.7,-106.0
2012-07-15 21:05:00,-15.65,516.5,-104.0
2012-07-15 21:10:00,-15.44,518.1,-104.0
2012-07-15 21:15:00,-15.01,522.8,-101.0
2012-07-15 21:20:00,-15.35,517.9,-97.0
2012-07-15 21:25:00,-14.75,515.1,-95.0
2012-07-15 21:30:00,-14.26,511.0,-94.0
2012-07-15 21:35:00,-14.32,511.1,-93.0
2012-07-15 21:40:00,-14.64,516.3,-93.0
2012-07-15 21:45:00,-14.49,526.4,-94.0
2012-07-15 21:50:00,-14.23,517.7,-93.0
2012-07-15 21:55:00,-14.13,505.8,-92.0
2012-07-15 22:00:00,-14.3,505.5,-92.0
2012-07-15 22:05:00,-13.98,503.4,-90.0
2012-07-15 22:10:00,-13.91,500.8,-91.0
2012-07-15 22:15:00,-13.97,502.1,-92.0
2012-07-15 22:20:00,-14.02,502.0,-92.0
2012-07-15 22:25:00,-14.04,502.8,-92.0
2012-07-15 22:30:00,-14.07,505.8,-93.0
2012-07-15 22:35:00,-14.21,516.6,-92.0
2012-07-15 22:40:00,-14.1,509.1,-91.0
2012-07-15 22:45:00,-14.21,508.0,-92.0
2012-07-15 22:50:00,-14.21,510.4,-93.0
2012-07-15 22:55:00,-14.14,502.8,-95.0
2012-07-15 23:00:00,-14.01,509.6,-97.0
2012-07-15 23:05:00,-13.97,505.3,-98.0
2012-07-15 23:10:00,-13.91,508.1,-99.0
2012-07-15 23:15:00,-13.9,510.6,-100.0
2012-07-15 23:20:00,-14.11,515.3,-95.0
2012-07-15 23:25:00,-13.9,516.0,-91.0
2012-07-15 23:30:00,-13.82,515.3,-89.0
2012-07-15 23:35:00,-13.72,512.9,-91.0
2012-07-15 23:40:00,-13.67,511.6,-93.0
2012-07-15 23:45:00,-13.69,512.0,-95.0
2012-07-15 23:50:00,-13.51,509.8,-95.0
2012-07-15 23:55:00,-13.84,510.2,-96.0
2012-07-16 00:00:00,-13.8,507.0,-98.0
2012-07-16 00:05:00,-14.1,508.0,-104.0
2012-07-16 00:10:00,-14.28,511.1,-107.0
2012-07-16 00:15:00,-13.48,515.0,-107.0
2012-07-16 00:20:00,-13.67,509.9,-106.0
2012-07-16 00:25:00,-13.98,512.8,-107.0
2012-07-16 00:30:00,-13.9,502.6,-105.0
2012-07-16 00:35:00,-13.97,497.9,-101.0
2012-07-16 00:40:00,-13.6,502.7,-101.0
2012-07-16 00:45:00,-13.88,506.3,-103.0
2012-07-16 00:50:00,-14.18,508.0,-103.0
2012-07-16 00:55:00,-14.25,509.6,-104.0
2012-07-16 01:00:00,-14.18,512.4,-107.0
2012-07-16 01:05:00,-13.87,505.2,-107.0
2012-07-16 01:10:00,-13.74,494.7,-107.0
2012-07-16 01:15:00,-13.38,486.8,-108.0
2012-07-16 01:20:00,-13.05,484.9,-109.0
2012-07-16 01:25:00,-13.3,482.9,-110.0
2012-07-16 01:30:00,-13.26,481.8,-109.0
2012-07-16 01:35:00,-13.39,482.3,-107.0
2012-07-16 01:40:00,-13.54,,-110.0
2012-07-16 01:45:00,-13.6,490.2,-111.0
2012-07-16 01:50:00,-13.54,487.1,-107.0
2012-07-16 01:55:00,-13.49,484.6,-100.0
2012-07-16 02:00:00,-13.58,478.0,-93.0
2012-07-16 02:05:00,-13.63,483.6,-85.0
2012-07-16 02:10:00,-13.54,481.0,-79.0
2012-07-16 02:15:00,-13.88,480.7,-78.0
2012-07-16 02:20:00,-13.76,477.7,-83.0
2012-07-16 02:25:00,-14.32,491.7,-88.0
2012-07-16 02:30:00,-14.45,495.6,-92.0
2012-07-16 02:35:00,-14.34,494.4,-95.0
2012-07-16 02:40:00,-14.24,488.5,-96.0
2012-07-16 02:45:00,-14.23,479.2,-94.0
2012-07-16 02:50:00,-14.14,477.0,-92.0
2012-07-16 02:55:00,-14.11,,-93.0
2012-07-16 03:00:00,-14.1,476.4,-93.0
2012-07-16 03:05:00,-13.99,476.4,-94.0
2012-07-16 03:10:00,-14.01,479.2,-94.0
2012-07-16 03:15:00,-13.86,478.9,-96.0
2012-07-16 03:20:00,-13.62,485.9,-98.0
2012-07-16 03:25:00,-13.65,491.2,-98.0
2012-07-16 03:30:00,-13.63,488.9,-97.0
2012-07-16 03:35:00,-13.67,488.9,-98.0
2012-07-16 03:40:00,-13.85,486.6,-100.0
2012-07-16 03:45:00,-13.89,488.3,-102.0
2012-07-16 03:50:00,-13.89,489.3,-103.0
2012-07-16 03:55:00,-13.84,484.7,-103.0
2012-07-16 04:00:00,-13.85,486.8,-102.0
2012-07-16 04:05:00,-13.62,481.2,-102.0
2012-07-16 04:10:00,-13.74,482.6,-102.0
2012-07-16 04:15:00,-13.77,481.0,-102.0
2012-07-16 04:20:00,-13.78,480.4,-100.0
2012-07-16 04:25:00,-13.81,483.1,-98.0
2012-07-16 04:30:00,-13.84,487.5,-96.0
2012-07-16 04:35:00,-13.77,487.0,-94.0
2012-07-16 04:40:00,-13.7,484.9,-91.0
2012-07-16 04:45:00,-13.76,484.8,-89.0
2012-07-16 04:50:00,-13.74,486.4,-90.0
2012-07-16 04:55:00,-13.68,486.7,-91.0
2012-07-16 05:00:00,-13.82,482.4,-94.0
2012-07-16 05:05:00,-13.9,477.7,-97.0
2012-07-16 05:10:00,-13.89,482.7,-98.0
2012-07-16 05:15:00,-13.83,482.0,-99.0
2012-07-16 05:20:00,-13.63,478.7,-98.0
2012-07-16 05:25:00,-13.55,485.0,-96.0
2012-07-16 05:30:00,-13.58,476.5,-95.0
2012-07-16 05:35:00,-13.56,479.3,-96.0
2012-07-16 05:40:00,-13.4,473.4,-99.0
2012-07-16 05:45:00,-13.3,473.7,-99.0
2012-07-16 05:50:00,-13.29,470.8,-99.0
2012-07-16 05:55:00,-13.21,470.8,-100.0
2012-07-16 06:00:00,-13.21,472.4,-100.0
2012-07-16 06:05:00,-13.16,474.0,-103.0
2012-07-16 06:10:00,-13.2,474.4,-104.0
2012-07-16 06:15:00,-13.3,472.3,-102.0
2012-07-16 06:20:00,-13.18,466.7,-99.0
2012-07-16 06:25:00,-13.14,463.5,-101.0
2012-07-16 06:30:00,-13.11,463.3,-104.0
2012-07-16 06:35:00,-13.19,474.3,-103.0
2012-07-16 06:40:00,-13.13,474.2,-103.0
2012-07-16 06:45:00,-13.14,472.6,-104.0
2012-07-16 06:50:00,-13.02,463.0,-104.0
2012-07-16 06:55:00,-13.01,469.9,-103.0
2012-07-16 07:00:00,-12.95,468.6,-103.0
2012-07-16 07:05:00,-12.87,470.1,-99.0
2012-07-16 07:10:00,-12.71,465.4,-99.0
2012-07-16 07:15:00,-12.64,468.7,-101.0
2012-07-16 07:20:00,-12.63,470.7,-100.0
2012-07-16 07:25:00,-12.63,471.0,-100.0
2012-07-16 07:30:00,-12.6,474.8,-101.0
2012-07-16 07:35:00,-12.5,468.5,-101.0
2012-07-16 07:40:00,-12.38,469.3,-101.0
2012-07-16 07:45:00,-12.22,467.1,-100.0
2012-07-16 07:50:00,-12.21,464.0,-95.0
2012-07-16 07:55:00,-12.29,472.4,-96.0
2012-07-16 08:00:00,-12.14,466.4,-98.0
2012-07-16 08:05:00,-11.96,456.0,-98.0
2012-07-16 08:10:00,-11.93,458.6,-96.0
2012-07-16 08:15:00,-11.82,458.9,-95.0
2012-07-16 08:20:00,-11.79,455.0,-95.0
2012-07-16 08:25:00,-12.05,445.5,-95.0
2012-07-16 08:30:00,-12.0,447.4,-95.0
2012-07-16 08:35:00,-12.01,441.8,-93.0
2012-07-16 08:40:00,-11.89,448.9,-90.0
2012-07-16 08:45:00,-11.63,437.0,-87.0
2012-07-16 08:50:00,-11.73,436.3,-86.0
2012-07-16 08:55:00,-11.84,436.7,-87.0
2012-07-16 09:00:00,-11.96,448.5,-86.0
2012-07-16 09:05:00,-11.66,444.5,-89.0
2012-07-16 09:10:00,-11.27,441.6,-94.0
2012-07-16 09:15:00,-12.01,444.5,-94.0
2012-07-16 09:20:00,-12.13,448.9,-90.0
2012-07-16 09:25:00,-12.28,446.9,-91.0
2012-07-16 09:30:00,-12.24,444.4,-94.0
2012-07-16 09:35:00,-11.9,439.9,-96.0
2012-07-16 09:40:00,-11.64,438.7,-97.0
2012-07-16 09:45:00,-11.48,436.2,-98.0
2012-07-16 09:50:00,-11.32,432.2,-96.0
2012-07-16 09:55:00,-11.4,432.1,-94.0
2012-07-16 10:00:00,-11.37,432.6,-91.0
2012-07-16 10:05:00,-11.36,436.6,-89.0
2012-07-16 10:10:00,-11.33,434.9,-88.0
2012-07-16 10:15:00,-11.21,432.5,-85.0
2012-07-16 10:20:00,-11.07,434.2,-86.0
2012-07-16 10:25:00,-11.11,434.3,-86.0
2012-07-16 10:30:00,-11.03,435.0,-84.0
2012-07-16 10:35:00,-10.76,417.8,-87.0
2012-07-16 10:40:00,-10.27,408.6,-91.0
2012-07-16 10:45:00,-9.91,417.1,-91.0
2012-07-16 10:50:00,-9.73,415.7,-87.0
2012-07-16 10:55:00,-10.38,404.6,-86.0
2012-07-16 11:00:00,-10.08,395.6,-85.0
2012-07-16 11:05:00,-10.12,388.0,-85.0
2012-07-16 11:10:00,-10.04,386.4,-84.0
2012-07-16 11:15:00,-9.91,394.0,-84.0
2012-07-16 11:20:00,-10.03,391.1,-83.0
2012-07-16 11:25:00,-10.13,394.3,-82.0
2012-07-16 11:30:00,-10.12,399.7,-80.0
2012-07-16 11:35:00,-10.22,401.8,-81.0
2012-07-16 11:40:00,-10.23,397.1,-79.0
2012-07-16 11:45:00,-10.15,400.6,-79.0
2012-07-16 11:50:00,-10.13,399.1,-79.0
2012-07-16 11:55:00,-9.93,395.4,-79.0
2012-07-16 12:00:00,-9.71,392.5,-74.0
2012-07-16 12:05:00,-9.71,392.7,-71.0
2012-07-16 12:10:00,-9.63,390.2,-71.0
2012-07-16 12:15:00,-9.65,391.0,-71.0
2012-07-16 12:20:00,-9.54,391.3,-73.0
2012-07-16 12:25:00,-9.03,391.9,-75.0
2012-07-16 12:30:00,-9.39,397.2,-77.0
2012-07-16 12:35:00,-8.73,398.9,-76.0
2012-07-16 12:40:00,-8.77,390.2,-75.0
2012-07-16 12:45:00,-8.58,394.3,-74.0
2012-07-16 12:50:00,-8.74,400.3,-73.0
2012-07-16 12:55:00,-8.05,403.6,-72.0
2012-07-16 13:00:00,-7.75,405.9,-72.0
2012-07-16 13:05:00,-8.77,404.3,-72.0
2012-07-16 13:10:00,-8.68,399.0,-71.0
2012-07-16 13:15:00,-8.59,410.1,-71.0
2012-07-16 13:20:00,-8.64,401.3,-71.0
2012-07-16 13:25:00,-8.81,401.4,-70.0
2012-07-16 13:30:00,-9.02,397.6,-70.0
2012-07-16 13:35:00,-8.48,415.3,-70.0
2012-07-16 13:40:00,-8.71,418.9,-70.0
2012-07-16 13:45:00,-8.07,426.3,-69.0
2012-07-16 13:50:00,-8.23,444.0,-68.0
2012-07-16 13:55:00,-8.21,429.0,-68.0
2012-07-16 14:00:00,-8.39,411.9,-68.0
2012-07-16 14:05:00,-9.04,412.5,-68.0
2012-07-16 14:10:00,-8.45,410.2,-68.0
2012-07-16 14:15:00,-8.7,411.9,-70.0
2012-07-16 14:20:00,-7.67,405.7,-70.0
2012-07-16 14:25:00,-6.08,404.9,-71.0
2012-07-16 14:30:00,-7.21,400.6,-72.0
2012-07-16 14:35:00,-7.86,392.3,-73.0
2012-07-16 14:40:00,-9.07,387.1,-72.0
2012-07-16 14:45:00,-8.12,398.8,-71.0
2012-07-16 14:50:00,-6.68,401.8,-70.0
2012-07-16 14:55:00,-7.24,415.8,-71.0
2012-07-16 15:00:00,-6.9,423.8,-72.0
2012-07-16 15:05:00,-5.64,437.6,-72.0
2012-07-16 15:10:00,-5.32,444.2,-71.0
2012-07-16 15:15:00,-4.88,444.5,-70.0
2012-07-16 15:20:00,-1.87,442.3,-70.0
2012-07-16 15:25:00,0.8,420.0,-70.0
2012-07-16 15:30:00,2.2,419.9,-69.0
2012-07-16 15:35:00,3.15,428.8,-68.0
2012-07-16 15:40:00,3.15,430.4,-67.0
2012-07-16 15:45:00,3.08,430.8,-66.0
2012-07-16 15:50:00,2.65,432.3,-64.0
2012-07-16 15:55:00,2.13,428.6,-63.0
2012-07-16 16:00:00,1.89,433.3,-61.0
2012-07-16 16:05:00,1.62,427.0,-59.0
2012-07-16 16:10:00,1.67,422.9,-57.0
2012-07-16 16:15:00,1.65,426.2,-56.0
2012-07-16 16:20:00,2.26,432.6,-55.0
2012-07-16 16:25:00,1.85,431.4,-54.0
2012-07-16 16:30:00,0.86,426.7,-53.0
2012-07-16 16:35:00,0.91,428.7,-53.0
2012-07-16 16:40:00,0.76,425.8,-53.0
2012-07-16 16:45:00,0.77,424.6,-53.0
2012-07-16 16:50:00,0.69,419.7,-53.0
2012-07-16 16:55:00,0.7,417.1,-52.0
2012-07-16 17:00:00,0.43,418.4,-52.0
2012-07-16 17:05:00,0.27,419.1,-51.0
2012-07-16 17:10:00,-0.27,412.0,-50.0
2012-07-16 17:15:00,-0.62,409.1,-50.0
2012-07-16 17:20:00,-1.06,411.2,-50.0
2012-07-16 17:25:00,-2.06,413.9,-50.0
2012-07-16 17:30:00,-1.14,406.1,-52.0
2012-07-16 17:35:00,-0.55,429.5,-52.0
2012-07-16 17:40:00,-0.04,436.4,-53.0
2012-07-16 17:45:00,0.86,435.4,-53.0
2012-07-16 17:50:00,0.76,438.6,-54.0
2012-07-16 17:55:00,0.79,442.7,-56.0
2012-07-16 18:00:00,0.52,451.4,-57.0
2012-07-16 18:05:00,0.3,451.5,-58.0
2012-07-16 18:10:00,-0.36,445.7,-58.0
2012-07-16 18:15:00,-0.63,442.5,-59.0
2012-07-16 18:20:00,-0.64,449.3,-58.0
2012-07-16 18:25:00,-0.86,453.8,-58.0
2012-07-16 18:30:00,-0.97,449.2,-57.0
2012-07-16 18:35:00,-0.9,449.1,-57.0
2012-07-16 18:40:00,-0.92,454.9,-58.0
2012-07-16 18:45:00,-0.64,452.5,-59.0
2012-07-16 18:50:00,-0.83,451.6,-60.0
2012-07-16 18:55:00,-1.4,446.7,-60.0
2012-07-16 19:00:00,-1.71,446.6,-60.0
2012-07-16 19:05:00,-1.96,445.7,-59.0
2012-07-16 19:10:00,-2.34,443.0,-58.0
2012-07-16 19:15:00,-2.4,439.9,-58.0
2012-07-16 19:20:00,-2.34,447.9,-59.0
2012-07-16 19:25:00,-2.15,451.8,-59.0
2012-07-16 19:30:00,-3.46,454.8,-58.0
2012-07-16 19:35:00,-2.87,445.5,-60.0
2012-07-16 19:40:00,-3.06,445.2,-60.0
2012-07-16 19:45:00,-3.37,452.1,-60.0
2012-07-16 19:50:00,-2.32,454.5,-58.0
2012-07-16 19:55:00,-3.25,456.5,-58.0
2012-07-16 20:00:00,-4.01,448.9,-58.0
2012-07-16 20:05:00,-3.93,450.9,-58.0
2012-07-16 20:10:00,-4.08,449.1,-58.0
2012-07-16 20:15:00,-4.32,450.2,-60.0
2012-07-16 20:20:00,-4.4,447.3,-60.0
2012-07-16 20:25:00,-4.57,447.7,-58.0
2012-07-16 20:30:00,-4.51,449.6,-56.0
2012-07-16 20:35:00,-4.53,448.4,-56.0
2012-07-16 20:40:00,-4.96,439.2,-56.0
2012-07-16 20:45:00,-5.11,434.3,-55.0
2012-07-16 20:50:00,-5.08,437.0,-55.0
2012-07-16 20:55:00,-4.88,437.6,-55.0
2012-07-16 21:00:00,-5.09,442.9,-55.0
2012-07-16 21:05:00,-4.79,455.6,-55.0
2012-07-16 21:10:00,-4.41,449.7,-54.0
2012-07-16 21:15:00,-4.38,469.1,-53.0
2012-07-16 21:20:00,-4.11,466.6,-51.0
2012-07-16 21:25:00,-4.21,473.2,-51.0
2012-07-16 21:30:00,-4.37,470.9,-51.0
2012-07-16 21:35:00,-4.53,459.0,-52.0
2012-07-16 21:40:00,-4.96,448.7,-51.0
2012-07-16 21:45:00,-5.15,444.1,-50.0
2012-07-16 21:50:00,-4.85,438.4,-49.0
2012-07-16 21:55:00,-4.94,440.3,-49.0
2012-07-16 22:00:00,-4.99,448.8,-47.0
2012-07-16 22:05:00,-5.0,452.3,-47.0
2012-07-16 22:10:00,-5.26,452.9,-46.0
2012-07-16 22:15:00,-5.35,451.9,-47.0
2012-07-16 22:20:00,-5.25,452.7,-47.0
2012-07-16 22:25:00,-5.27,453.1,-46.0
2012-07-16 22:30:00,-5.48,448.7,-44.0
2012-07-16 22:35:00,-6.11,445.9,-42.0
2012-07-16 22:40:00,-6.11,444.8,-42.0
2012-07-16 22:45:00,-6.21,438.8,-41.0
2012-07-16 22:50:00,-5.1,466.3,-40.0
2012-07-16 22:55:00,-6.2,429.0,-40.0
2012-07-16 23:00:00,-6.4,430.0,-40.0
2012-07-16 23:05:00,-6.02,435.9,-40.0
2012-07-16 23:10:00,-6.15,431.1,-39.0
2012-07-16 23:15:00,-6.27,438.4,-37.0
2012-07-16 23:20:00,-6.29,438.6,-35.0
2012-07-16 23:25:00,-6.19,431.4,-34.0
2012-07-16 23:30:00,-6.13,442.0,-35.0
2012-07-16 23:35:00,-6.77,440.6,-37.0
2012-07-16 23:40:00,-6.24,423.0,-38.0
2012-07-16 23:45:00,-6.29,423.1,-38.0
2012-07-16 23:50:00,-6.02,419.2,-38.0
2012-07-16 23:55:00,-5.85,416.3,-38.0
2012-07-17 00:00:00,-6.17,428.2,-40.0
2012-07-17 00:05:00,-6.01,429.8,-41.0
2012-07-17 00:10:00,-5.99,430.3,-42.0
2012-07-17 00:15:00,-6.23,434.4,-41.0
2012-07-17 00:20:00,-5.39,420.9,-40.0
2012-07-17 00:25:00,-2.84,424.6,-39.0
2012-07-17 00:30:00,-3.95,414.4,-40.0
2012-07-17 00:35:00,-5.73,431.4,-40.0
2012-07-17 00:40:00,-5.89,439.3,-41.0
2012-07-17 00:45:00,-5.05,440.6,-42.0
2012-07-17 00:50:00,-5.07,440.9,-42.0
2012-07-17 00:55:00,-5.63,433.5,-43.0
2012-07-17 01:00:00,-4.29,435.6,-44.0
2012-07-17 01:05:00,-5.78,434.7,-45.0
2012-07-17 01:10:00,-7.19,441.3,-46.0
2012-07-17 01:15:00,-7.43,426.3,-46.0
2012-07-17 01:20:00,-7.0,425.6,-47.0
2012-07-17 01:25:00,-7.26,435.0,-47.0
2012-07-17 01:30:00,-6.69,432.1,-46.0
2012-07-17 01:35:00,-6.45,434.6,-47.0
2012-07-17 01:40:00,-7.45,438.8,-48.0
2012-07-17 01:45:00,-7.72,430.4,-48.0
2012-07-17 01:50:00,-7.8,427.1,-49.0
2012-07-17 01:55:00,-8.27,429.3,-50.0
2012-07-17 02:00:00,-7.63,422.6,-51.0
2012-07-17 02:05:00,-7.8,415.0,-52.0
2012-07-17 02:10:00,-7.97,412.0,-53.0
2012-07-17 02:15:00,-7.98,409.5,-55.0
2012-07-17 02:20:00,-8.11,415.2,-55.0
2012-07-17 02:25:00,-8.24,413.4,-55.0
2012-07-17 02:30:00,-7.75,411.1,-55.0
2012-07-17 02:35:00,-7.89,423.7,-56.0
2012-07-17 02:40:00,-8.11,401.9,-57.0
2012-07-17 02:45:00,-8.25,390.4,-59.0
2012-07-17 02:50:00,-8.15,,-60.0
2012-07-17 02:55:00,-8.18,383.8,-61.0
2012-07-17 03:00:00,-8.37,389.3,-61.0
2012-07-17 03:05:00,-8.4,393.6,-62.0
2012-07-17 03:10:00,-8.74,394.1,-65.0
2012-07-17 03:15:00,-8.82,392.0,-66.0
2012-07-17 03:20:00,-8.94,397.6,-66.0
2012-07-17 03:25:00,-8.91,407.9,-66.0
2012-07-17 03:30:00,-8.73,399.7,-66.0
2012-07-17 03:35:00,-8.48,395.8,-67.0
2012-07-17 03:40:00,-7.47,398.7,-67.0
2012-07-17 03:45:00,-8.39,402.2,-68.0
2012-07-17 03:50:00,-9.06,403.5,-68.0
2012-07-17 03:55:00,-9.09,400.7,-69.0
2012-07-17 04:00:00,-8.93,401.9,-69.0
2012-07-17 04:05:00,-8.92,402.7,-70.0
2012-07-17 04:10:00,-8.9,402.0,-68.0
2012-07-17 04:15:00,-8.81,395.0,-68.0
2012-07-17 04:20:00,-8.21,403.7,-68.0
2012-07-17 04:25:00,-8.58,407.9,-68.0
2012-07-17 04:30:00,-7.93,405.7,-68.0
2012-07-17 04:35:00,-6.86,408.2,-67.0
2012-07-17 04:40:00,-7.48,417.9,-66.0
2012-07-17 04:45:00,-4.29,404.8,-65.0
2012-07-17 04:50:00,-4.95,407.3,-66.0
2012-07-17 04:55:00,-6.16,396.4,-66.0
2012-07-17 05:00:00,-8.26,406.3,-69.0
2012-07-17 05:05:00,-8.58,420.2,-72.0
2012-07-17 05:10:00,-8.57,420.3,-73.0
2012-07-17 05:15:00,-8.57,422.3,-73.0
2012-07-17 05:20:00,-8.09,409.7,-72.0
2012-07-17 05:25:00,-7.13,409.3,-70.0
2012-07-17 05:30:00,-7.1,409.5,-68.0
2012-07-17 05:35:00,-6.97,412.2,-68.0
2012-07-17 05:40:00,-6.39,418.7,-70.0
2012-07-17 05:45:00,-6.49,423.8,-71.0
2012-07-17 05:50:00,-4.84,419.9,-71.0
2012-07-17 05:55:00,-7.27,420.6,-72.0
2012-07-17 06:00:00,-7.03,420.9,-72.0
2012-07-17 06:05:00,-6.8,420.5,-73.0
2012-07-17 06:10:00,-6.02,415.2,-74.0
2012-07-17 06:15:00,-5.78,431.1,-73.0
2012-07-17 06:20:00,-5.82,441.9,-74.0
2012-07-17 06:25:00,-6.44,430.7,-75.0
2012-07-17 06:30:00,-4.94,429.5,-74.0
2012-07-17 06:35:00,-6.33,415.6,-74.0
2012-07-17 06:40:00,-6.3,427.2,-72.0
2012-07-17 06:45:00,-3.48,430.3,-73.0
2012-07-17 06:50:00,-5.66,446.1,-71.0
2012-07-17 06:55:00,-4.95,441.3,-70.0
2012-07-17 07:00:00,-6.0,429.3,-73.0
2012-07-17 07:05:00,-6.22,427.6,-75.0
2012-07-17 07:10:00,-5.9,430.2,-73.0
2012-07-17 07:15:00,-4.69,427.1,-72.0
2012-07-17 07:20:00,-2.54,445.8,-71.0
2012-07-17 07:25:00,-1.54,419.4,-71.0
2012-07-17 07:30:00,-0.77,411.6,-70.0
2012-07-17 07:35:00,-2.15,426.2,-67.0
2012-07-17 07:40:00,-1.15,434.1,-61.0
2012-07-17 07:45:00,0.98,436.3,-57.0
2012-07-17 07:50:00,-1.85,433.6,-54.0
2012-07-17 07:55:00,-4.79,435.4,-51.0
2012-07-17 08:00:00,-4.43,431.3,-48.0
2012-07-17 08:05:00,-4.84,429.3,-44.0
2012-07-17 08:10:00,-3.5,442.9,-42.0
2012-07-17 08:15:00,-2.41,431.4,-42.0
2012-07-17 08:20:00,-3.17,434.6,-42.0
2012-07-17 08:25:00,-4.31,436.5,-43.0
2012-07-17 08:30:00,-5.58,446.8,-44.0
2012-07-17 08:35:00,-5.76,455.0,-44.0
2012-07-17 08:40:00,-0.62,442.0,-44.0
2012-07-17 08:45:00,3.48,451.9,-45.0
2012-07-17 08:50:00,2.79,438.5,-46.0
2012-07-17 08:55:00,2.05,431.4,-48.0
2012-07-17 09:00:00,-0.85,425.3,-50.0
2012-07-17 09:05:00,-1.78,423.9,-51.0
2012-07-17 09:10:00,1.33,435.4,-52.0
2012-07-17 09:15:00,-1.07,441.2,-50.0
2012-07-17 09:20:00,1.37,441.5,-50.0
2012-07-17 09:25:00,2.34,439.8,-50.0
2012-07-17 09:30:00,3.57,447.6,-50.0
2012-07-17 09:35:00,2.87,452.7,-50.0
2012-07-17 09:40:00,2.11,448.4,-50.0
2012-07-17 09:45:00,-0.04,438.5,-50.0
2012-07-17 09:50:00,-1.74,436.2,-51.0
2012-07-17 09:55:00,-2.65,437.8,-51.0
2012-07-17 10:00:00,-1.06,423.8,-52.0
2012-07-17 10:05:00,0.85,424.1,-52.0
2012-07-17 10:10:00,0.75,439.5,-51.0
2012-07-17 10:15:00,3.66,447.9,-49.0
2012-07-17 10:20:00,4.25,447.6,-49.0
2012-07-17 10:25:00,0.77,444.2,-49.0
2012-07-17 10:30:00,1.29,448.6,-49.0
2012-07-17 10:35:00,0.38,449.7,-48.0
2012-07-17 10:40:00,0.72,450.9,-48.0
2012-07-17 10:45:00,2.22,460.6,-48.0
2012-07-17 10:50:00,1.1,459.7,-47.0
2012-07-17 10:55:00,1.7,477.1,-47.0
2012-07-17 11:00:00,0.46,487.0,-47.0
2012-07-17 11:05:00,1.41,480.0,-46.0
2012-07-17 11:10:00,2.39,487.1,-45.0
2012-07-17 11:15:00,3.18,493.0,-45.0
2012-07-17 11:20:00,3.04,505.6,-46.0
2012-07-17 11:25:00,3.16,511.3,-47.0
2012-07-17 11:30:00,1.7,517.5,-46.0
2012-07-17 11:35:00,2.79,529.5,-46.0
2012-07-17 11:40:00,0.56,508.1,-46.0
2012-07-17 11:45:00,1.21,494.1,-45.0
2012-07-17 11:50:00,2.19,499.1,-45.0
2012-07-17 11:55:00,-1.4,505.4,-46.0
2012-07-17 12:00:00,-1.64,500.3,-46.0
2012-07-17 12:05:00,-1.8,496.4,-45.0
2012-07-17 12:10:00,-2.3,503.3,-45.0
2012-07-17 12:15:00,-1.89,506.3,-45.0
2012-07-17 12:20:00,-2.25,504.0,-44.0
2012-07-17 12:25:00,-1.38,505.8,-43.0
2012-07-17 12:30:00,-0.84,543.9,-42.0
2012-07-17 12:35:00,-1.72,554.4,-42.0
2012-07-17 12:40:00,-2.47,548.9,-42.0
2012-07-17 12:45:00,-2.26,525.9,-42.0
2012-07-17 12:50:00,1.84,508.7,-43.0
2012-07-17 12:55:00,3.76,549.5,-44.0
2012-07-17 13:00:00,1.46,502.8,-43.0
2012-07-17 13:05:00,1.09,506.5,-43.0
2012-07-17 13:10:00,0.46,499.0,-44.0
2012-07-17 13:15:00,0.68,491.7,-44.0
2012-07-17 13:20:00,0.91,493.2,-44.0
2012-07-17 13:25:00,-0.02,492.1,-45.0
2012-07-17 13:30:00,0.05,496.8,-45.0
2012-07-17 13:35:00,-1.02,511.1,-44.0
2012-07-17 13:40:00,-0.23,498.6,-44.0
2012-07-17 13:45:00,1.17,491.8,-44.0
2012-07-17 13:50:00,0.51,,-44.0
2012-07-17 13:55:00,-0.67,488.3,-43.0
2012-07-17 14:00:00,0.98,480.9,-43.0
2012-07-17 14:05:00,1.43,487.6,-42.0
2012-07-17 14:10:00,3.2,513.1,-42.0
2012-07-17 14:15:00,2.73,515.2,-42.0
2012-07-17 14:20:00,2.94,511.9,-41.0
2012-07-17 14:25:00,3.81,543.7,-41.0
2012-07-17 14:30:00,3.71,,-41.0
2012-07-17 14:35:00,3.57,516.5,-41.0
2012-07-17 14:40:00,3.47,510.0,-41.0
2012-07-17 14:45:00,3.01,504.3,-40.0
2012-07-17 14:50:00,3.17,555.5,-40.0
2012-07-17 14:55:00,2.35,536.7,-39.0
2012-07-17 15:00:00,0.98,520.2,-38.0
2012-07-17 15:05:00,0.97,495.4,-39.0
2012-07-17 15:10:00,-1.28,514.5,-39.0
2012-07-17 15:15:00,-3.09,536.5,-38.0
2012-07-17 15:20:00,-2.52,527.1,-37.0
2012-07-17 15:25:00,-2.59,531.4,-36.0
2012-07-17 15:30:00,-2.18,559.5,-35.0
2012-07-17 15:35:00,-3.17,543.7,-35.0
2012-07-17 15:40:00,-1.66,541.8,-35.0
2012-07-17 15:45:00,0.59,503.8,-35.0
2012-07-17 15:50:00,-1.5,530.0,-35.0
2012-07-17 15:55:00,-3.25,577.9,-34.0
2012-07-17 16:00:00,-3.6,604.2,-33.0
2012-07-17 16:05:00,-3.53,599.4,-32.0
2012-07-17 16:10:00,-3.07,598.0,-32.0
2012-07-17 16:15:00,-2.4,581.8,-32.0
2012-07-17 16:20:00,-1.21,574.3,-32.0
2012-07-17 16:25:00,-2.77,577.8,-33.0
2012-07-17 16:30:00,-3.46,567.6,-33.0
2012-07-17 16:35:00,-2.73,515.9,-33.0
2012-07-17 16:40:00,-2.61,511.1,-34.0
2012-07-17 16:45:00,-0.5,509.8,-34.0
2012-07-17 16:50:00,0.73,509.8,-34.0
2012-07-17 16:55:00,0.72,498.6,-34.0
2012-07-17 17:00:00,-0.87,501.0,-34.0
2012-07-17 17:05:00,-1.68,522.7,-34.0
2012-07-17 17:10:00,0.96,498.2,-34.0
2012-07-17 17:15:00,1.81,503.0,-33.0
2012-07-17 17:20:00,1.96,496.7,-33.0
2012-07-17 17:25:00,2.51,483.6,-33.0
2012-07-17 17:30:00,1.49,469.3,-33.0
2012-07-17 17:35:00,2.19,469.6,-32.0
2012-07-17 17:40:00,2.9,482.9,-32.0
2012-07-17 17:45:00,2.71,480.5,-32.0
2012-07-17 17:50:00,2.67,477.2,-31.0
2012-07-17 17:55:00,2.9,486.7,-30.0
2012-07-17 18:00:00,2.58,477.2,-28.0
2012-07-17 18:05:00,2.44,472.0,-28.0
2012-07-17 18:10:00,2.14,464.1,-28.0
2012-07-17 18:15:00,0.58,477.8,-28.0
2012-07-17 18:20:00,0.47,466.8,-28.0
2012-07-17 18:25:00,0.87,480.5,-28.0
2012-07-17 18:30:00,1.3,502.6,-27.0
2012-07-17 18:35:00,-0.38,500.2,-26.0
2012-07-17 18:40:00,-1.09,494.7,-24.0
2012-07-17 18:45:00,-2.89,494.2,-24.0
2012-07-17 18:50:00,0.14,512.5,-23.0
2012-07-17 18:55:00,1.18,540.5,-22.0
2012-07-17 19:00:00,-1.52,513.8,-22.0
2012-07-17 19:05:00,-3.06,515.2,-23.0
2012-07-17 19:10:00,2.09,511.6,-22.0
2012-07-17 19:15:00,0.56,490.5,-23.0
2012-07-17 19:20:00,-0.65,504.4,-24.0
2012-07-17 19:25:00,-1.29,519.5,-24.0
2012-07-17 19:30:00,-0.08,513.3,-25.0
2012-07-17 19:35:00,1.94,468.4,-25.0
2012-07-17 19:40:00,-1.26,491.6,-25.0
2012-07-17 19:45:00,-0.67,488.0,-26.0
2012-07-17 19:50:00,-0.46,477.0,-27.0
2012-07-17 19:55:00,-1.12,492.6,-28.0
2012-07-17 20:00:00,-1.5,485.2,-29.0
2012-07-17 20:05:00,0.71,474.4,-28.0
2012-07-17 20:10:00,0.46,473.2,-29.0
2012-07-17 20:15:00,-1.65,478.6,-29.0
2012-07-17 20:20:00,-1.22,472.7,-29.0
2012-07-17 20:25:00,-1.94,468.2,-30.0
2012-07-17 20:30:00,-1.74,464.6,-30.0
2012-07-17 20:35:00,-0.62,467.1,-29.0
2012-07-17 20:40:00,-1.92,465.2,-30.0
2012-07-17 20:45:00,-1.76,456.5,-30.0
2012-07-17 20:50:00,-1.54,453.9,-30.0
2012-07-17 20:55:00,-1.0,453.5,-31.0
2012-07-17 21:00:00,-0.96,447.7,-30.0
2012-07-17 21:05:00,-1.53,449.0,-30.0
2012-07-17 21:10:00,-0.37,,-31.0
2012-07-17 21:15:00,0.79,568.7,-31.0
2012-07-17 21:20:00,-0.29,548.5,-31.0
2012-07-17 21:25:00,0.28,539.3,-30.0
2012-07-17 21:30:00,-0.73,514.1,-31.0
2012-07-17 21:35:00,-2.25,471.6,-31.0
2012-07-17 21:40:00,-0.45,515.0,-30.0
2012-07-17 21:45:00,-1.09,505.8,-29.0
2012-07-17 21:50:00,-1.88,468.1,-28.0
2012-07-17 21:55:00,-1.42,461.2,-27.0
2012-07-17 22:00:00,-1.07,473.4,-28.0
2012-07-17 22:05:00,-2.1,486.7,-27.0
2012-07-17 22:10:00,-1.75,474.4,-27.0
2012-07-17 22:15:00,-0.88,454.6,-26.0
2012-07-17 22:20:00,0.03,490.2,-27.0
2012-07-17 22:25:00,0.88,464.8,-27.0
2012-07-17 22:30:00,-0.88,486.5,-27.0
2012-07-17 22:35:00,-2.06,471.0,-28.0
2012-07-17 22:40:00,-2.02,458.8,-28.0
2012-07-17 22:45:00,-0.98,452.5,-28.0
2012-07-17 22:50:00,-1.82,466.0,-27.0
2012-07-17 22:55:00,-1.48,473.6,-27.0
2012-07-17 23:00:00,0.03,460.7,-28.0
2012-07-17 23:05:00,-1.78,447.3,-28.0
2012-07-17 23:10:00,-2.19,448.5,-27.0
2012-07-17 23:15:00,-1.88,468.7,-28.0
2012-07-17 23:20:00,-0.02,,-28.0
2012-07-17 23:25:00,-0.12,455.5,-28.0
2012-07-17 23:30:00,0.06,447.8,-29.0
2012-07-17 23:35:00,-0.77,462.8,-29.0
2012-07-17 23:40:00,-1.59,427.3,-29.0
2012-07-17 23:45:00,0.11,456.1,-29.0
2012-07-17 23:50:00,0.64,460.0,-29.0
2012-07-17 23:55:00,-0.84,462.0,-29.0
2012-07-18 00:00:00,-2.18,466.8,-29.0
2012-07-18 00:05:00,-2.54,479.4,-29.0
2012-07-18 00:10:00,-2.67,470.4,-29.0
2012-07-18 00:15:00,-1.83,459.4,-28.0
2012-07-18 00:20:00,0.72,462.5,-28.0
2012-07-18 00:25:00,0.16,464.6,-28.0
2012-07-18 00:30:00,-2.14,450.2,-27.0
2012-07-18 00:35:00,-2.41,450.7,-28.0
2012-07-18 00:40:00,-1.55,452.0,-29.0
2012-07-18 00:45:00,1.21,475.3,-30.0
2012-07-18 00:50:00,1.76,486.2,-29.0
2012-07-18 00:55:00,0.43,461.2,-28.0
2012-07-18 01:00:00,0.77,461.2,-28.0
2012-07-18 01:05:00,0.62,455.4,-28.0
2012-07-18 01:10:00,1.6,458.4,-29.0
2012-07-18 01:15:00,0.28,441.3,-30.0
2012-07-18 01:20:00,1.26,454.9,-30.0
2012-07-18 01:25:00,1.04,454.0,-30.0
2012-07-18 01:30:00,1.24,449.7,-30.0
2012-07-18 01:35:00,1.03,454.8,-30.0
2012-07-18 01:40:00,0.77,450.9,-30.0
2012-07-18 01:45:00,2.24,454.1,-30.0
2012-07-18 01:50:00,1.99,458.4,-30.0
2012-07-18 01:55:00,3.01,455.5,-31.0
2012-07-18 02:00:00,4.08,454.4,-30.0
2012-07-18 02:05:00,3.84,458.7,-30.0
2012-07-18 02:10:00,3.3,449.7,-31.0
2012-07-18 02:15:00,3.34,449.6,-31.0
2012-07-18 02:20:00,3.65,458.5,-31.0
2012-07-18 02:25:00,4.03,456.3,-30.0
2012-07-18 02:30:00,3.91,449.6,-30.0
2012-07-18 02:35:00,4.59,460.5,-30.0
2012-07-18 02:40:00,4.61,462.0,-30.0
2012-07-18 02:45:00,4.59,465.6,-29.0
2012-07-18 02:50:00,4.53,459.8,-29.0
2012-07-18 02:55:00,4.68,466.9,-29.0
2012-07-18 03:00:00,3.66,470.2,-29.0
2012-07-18 03:05:00,3.65,471.2,-29.0
2012-07-18 03:10:00,4.3,467.3,-31.0
2012-07-18 03:15:00,4.77,477.8,-30.0
2012-07-18 03:20:00,4.7,479.8,-27.0
2012-07-18 03:25:00,4.89,479.6,-27.0
2012-07-18 03:30:00,4.91,480.3,-27.0
2012-07-18 03:35:00,4.36,468.1,-28.0
2012-07-18 03:40:00,4.52,464.3,-28.0
2012-07-18 03:45:00,4.5,468.8,-29.0
2012-07-18 03:50:00,4.37,470.9,-31.0
2012-07-18 03:55:00,3.73,464.2,-30.0
2012-07-18 04:00:00,3.9,468.3,-30.0
2012-07-18 04:05:00,4.14,474.4,-30.0
2012-07-18 04:10:00,4.35,481.9,-30.0
2012-07-18 04:15:00,3.88,478.3,-30.0
2012-07-18 04:20:00,1.68,475.1,-30.0
2012-07-18 04:25:00,-0.65,470.5,-30.0
2012-07-18 04:30:00,-0.05,465.5,-30.0
2012-07-18 04:35:00,0.52,473.5,-30.0
2012-07-18 04:40:00,-2.93,487.1,-29.0
2012-07-18 04:45:00,-2.99,487.9,-27.0
2012-07-18 04:50:00,-1.73,467.5,-26.0
2012-07-18 04:55:00,0.31,501.5,-26.0
2012-07-18 05:00:00,0.23,502.8,-26.0
2012-07-18 05:05:00,0.29,493.1,-26.0
2012-07-18 05:10:00,-0.1,495.1,-26.0
2012-07-18 05:15:00,-0.48,493.9,-27.0
2012-07-18 05:20:00,-0.16,505.2,-27.0
2012-07-18 05:25:00,-0.71,493.9,-27.0
2012-07-18 05:30:00,0.29,503.4,-27.0
2012-07-18 05:35:00,0.2,506.9,-27.0
2012-07-18 05:40:00,-0.23,493.6,-27.0
2012-07-18 05:45:00,-0.36,510.0,-26.0
2012-07-18 05:50:00,0.26,507.5,-26.0
2012-07-18 05:55:00,0.38,491.3,-27.0
2012-07-18 06:00:00,-1.3,486.2,-27.0
2012-07-18 06:05:00,0.21,483.4,-28.0
2012-07-18 06:10:00,-0.39,491.5,-27.0
2012-07-18 06:15:00,-1.15,504.8,-28.0
2012-07-18 06:20:00,-0.67,517.5,-28.0
2012-07-18 06:25:00,0.21,506.7,-28.0
2012-07-18 06:30:00,-1.14,495.9,-29.0
2012-07-18 06:35:00,-1.44,497.9,-28.0
2012-07-18 06:40:00,-0.33,494.8,-28.0
2012-07-18 06:45:00,0.78,496.6,-28.0
2012-07-18 06:50:00,0.74,496.7,-29.0
2012-07-18 06:55:00,1.03,491.4,-29.0
2012-07-18 07:00:00,2.14,544.2,-29.0
2012-07-18 07:05:00,-0.72,555.6,-29.0
2012-07-18 07:10:00,-1.8,541.0,-30.0
2012-07-18 07:15:00,-2.11,512.9,-30.0
2012-07-18 07:20:00,-0.76,485.8,-30.0
2012-07-18 07:25:00,-1.06,506.9,-29.0
2012-07-18 07:30:00,-1.29,515.5,-27.0
2012-07-18 07:35:00,-1.13,551.9,-27.0
2012-07-18 07:40:00,-0.42,558.6,-26.0
2012-07-18 07:45:00,-0.4,575.9,-26.0
2012-07-18 07:50:00,1.46,516.3,-26.0
2012-07-18 07:55:00,0.59,491.4,-28.0
2012-07-18 08:00:00,0.25,479.6,-29.0
2012-07-18 08:05:00,-0.21,486.6,-29.0
2012-07-18 08:10:00,-1.02,451.4,-29.0
2012-07-18 08:15:00,-0.75,462.9,-27.0
2012-07-18 08:20:00,-0.59,475.3,-27.0
2012-07-18 08:25:00,0.85,477.2,-27.0
2012-07-18 08:30:00,2.01,484.1,-26.0
2012-07-18 08:35:00,2.34,487.5,-25.0
2012-07-18 08:40:00,2.37,488.0,-25.0
2012-07-18 08:45:00,2.57,495.3,-25.0
2012-07-18 08:50:00,2.27,480.4,-24.0
2012-07-18 08:55:00,2.68,470.0,-24.0
2012-07-18 09:00:00,2.13,479.7,-24.0
2012-07-18 09:05:00,2.07,459.9,-24.0
2012-07-18 09:10:00,2.15,476.9,-23.0
2012-07-18 09:15:00,2.46,501.0,-22.0
2012-07-18 09:20:00,3.06,487.3,-22.0
2012-07-18 09:25:00,2.92,490.2,-22.0
2012-07-18 09:30:00,1.77,490.2,-22.0
2012-07-18 09:35:00,3.37,486.5,-21.0
2012-07-18 09:40:00,2.46,486.6,-21.0
2012-07-18 09:45:00,2.59,498.6,-21.0
2012-07-18 09:50:00,-0.49,463.8,-20.0
2012-07-18 09:55:00,0.0,460.1,-20.0
2012-07-18 10:00:00,0.28,456.2,-20.0
2012-07-18 10:05:00,1.33,457.9,-20.0
2012-07-18 10:10:00,0.85,459.1,-19.0
2012-07-18 10:15:00,1.22,464.7,-18.0
2012-07-18 10:20:00,1.63,463.4,-19.0
2012-07-18 10:25:00,2.7,471.2,-20.0
2012-07-18 10:30:00,3.65,497.8,-20.0
2012-07-18 10:35:00,4.19,492.8,-20.0
2012-07-18 10:40:00,4.22,488.3,-20.0
2012-07-18 10:45:00,4.41,489.3,-19.0
2012-07-18 10:50:00,4.37,502.5,-19.0
2012-07-18 10:55:00,3.3,481.7,-20.0
2012-07-18 11:00:00,2.67,462.8,-20.0
2012-07-18 11:05:00,2.34,431.6,-20.0
2012-07-18 11:10:00,2.01,428.5,-21.0
2012-07-18 11:15:00,1.2,427.2,-21.0
2012-07-18 11:20:00,0.63,428.3,-21.0
2012-07-18 11:25:00,0.08,430.3,-21.0
2012-07-18 11:30:00,0.04,442.8,-21.0
2012-07-18 11:35:00,1.59,475.4,-21.0
2012-07-18 11:40:00,2.94,470.9,-20.0
2012-07-18 11:45:00,2.29,472.8,-19.0
2012-07-18 11:50:00,3.01,489.6,-19.0
2012-07-18 11:55:00,1.09,466.1,-19.0
2012-07-18 12:00:00,1.48,481.0,-19.0
2012-07-18 12:05:00,1.5,523.9,-19.0
2012-07-18 12:10:00,0.67,,-19.0
2012-07-18 12:15:00,2.69,546.8,-18.0
2012-07-18 12:20:00,1.96,532.5,-17.0
2012-07-18 12:25:00,2.04,532.4,-17.0
2012-07-18 12:30:00,1.07,529.5,-17.0
2012-07-18 12:35:00,1.12,516.2,-17.0
2012-07-18 12:40:00,2.11,510.6,-16.0
2012-07-18 12:45:00,2.39,502.2,-16.0
2012-07-18 12:50:00,2.55,498.1,-17.0
2012-07-18 12:55:00,0.27,493.0,-17.0
2012-07-18 13:00:00,0.15,477.8,-16.0
2012-07-18 13:05:00,-1.14,488.5,-16.0
2012-07-18 13:10:00,0.2,511.3,-16.0
2012-07-18 13:15:00,0.33,481.2,-16.0
2012-07-18 13:20:00,1.06,469.8,-16.0
2012-07-18 13:25:00,2.18,467.0,-16.0
2012-07-18 13:30:00,1.8,469.5,-16.0
2012-07-18 13:35:00,1.63,464.1,-15.0
2012-07-18 13:40:00,1.23,447.3,-15.0
2012-07-18 13:45:00,1.17,449.1,-16.0
2012-07-18 13:50:00,0.69,467.0,-15.0
2012-07-18 13:55:00,1.26,453.9,-15.0
2012-07-18 14:00:00,0.27,479.7,-15.0
2012-07-18 14:05:00,-0.09,518.7,-15.0
2012-07-18 14:10:00,-0.47,503.2,-15.0
2012-07-18 14:15:00,-0.6,495.3,-15.0
2012-07-18 14:20:00,-0.1,504.3,-15.0
2012-07-18 14:25:00,0.89,483.6,-15.0
2012-07-18 14:30:00,1.16,458.4,-15.0
2012-07-18 14:35:00,0.76,451.8,-16.0
2012-07-18 14:40:00,0.97,445.2,-15.0
2012-07-18 14:45:00,1.43,440.4,-15.0
2012-07-18 14:50:00,1.45,431.5,-15.0
2012-07-18 14:55:00,1.95,445.0,-15.0
2012-07-18 15:00:00,1.75,449.2,-15.0
2012-07-18 15:05:00,2.21,444.7,-15.0
2012-07-18 15:10:00,1.86,432.5,-15.0
2012-07-18 15:15:00,1.66,423.1,-15.0
2012-07-18 15:20:00,1.59,420.2,-15.0
2012-07-18 15:25:00,1.97,425.8,-15.0
2012-07-18 15:30:00,2.41,434.3,-15.0
2012-07-18 15:35:00,2.36,446.8,-15.0
2012-07-18 15:40:00,1.73,452.4,-15.0
2012-07-18 15:45:00,2.72,450.3,-15.0
2012-07-18 15:50:00,3.04,480.3,-15.0
2012-07-18 15:55:00,3.11,477.1,-14.0
2012-07-18 16:00:00,2.89,472.0,-14.0
2012-07-18 16:05:00,1.83,483.6,-14.0
2012-07-18 16:10:00,2.13,461.6,-14.0
2012-07-18 16:15:00,1.61,467.0,-14.0
2012-07-18 16:20:00,1.49,465.6,-14.0
2012-07-18 16:25:00,1.0,437.4,-13.0
2012-07-18 16:30:00,1.37,451.7,-13.0
2012-07-18 16:35:00,1.38,449.2,-13.0
2012-07-18 16:40:00,0.92,449.6,-13.0
2012-07-18 16:45:00,0.21,435.9,-13.0
2012-07-18 16:50:00,0.47,448.8,-13.0
2012-07-18 16:55:00,0.46,455.8,-13.0
2012-07-18 17:00:00,0.07,484.4,-13.0
2012-07-18 17:05:00,-1.32,494.6,-13.0
2012-07-18 17:10:00,-1.09,510.7,-12.0
2012-07-18 17:15:00,-0.47,453.0,-10.0
2012-07-18 17:20:00,-0.49,471.8,-11.0
2012-07-18 17:25:00,-0.77,473.6,-12.0
2012-07-18 17:30:00,-0.32,438.9,-12.0
2012-07-18 17:35:00,0.17,455.2,-13.0
2012-07-18 17:40:00,1.9,416.2,-13.0
2012-07-18 17:45:00,0.36,414.4,-14.0
2012-07-18 17:50:00,0.55,417.0,-14.0
2012-07-18 17:55:00,-0.46,424.8,-15.0
2012-07-18 18:00:00,0.47,424.6,-16.0
2012-07-18 18:05:00,0.2,426.2,-16.0
2012-07-18 18:10:00,0.61,428.8,-17.0
2012-07-18 18:15:00,0.55,431.5,-17.0
2012-07-18 18:20:00,1.01,434.0,-16.0
2012-07-18 18:25:00,0.04,454.4,-15.0
2012-07-18 18:30:00,-0.09,436.5,-16.0
2012-07-18 18:35:00,0.01,436.0,-15.0
2012-07-18 18:40:00,-0.38,447.2,-15.0
2012-07-18 18:45:00,-0.9,433.9,-15.0
2012-07-18 18:50:00,-1.17,451.3,-14.0
2012-07-18 18:55:00,-2.69,469.8,-14.0
2012-07-18 19:00:00,-0.77,468.4,-13.0
2012-07-18 19:05:00,-0.33,473.1,-14.0
2012-07-18 19:10:00,1.89,427.0,-15.0
2012-07-18 19:15:00,0.2,427.6,-15.0
2012-07-18 19:20:00,-1.07,434.9,-15.0
2012-07-18 19:25:00,-1.4,433.4,-16.0
2012-07-18 19:30:00,-1.34,427.6,-16.0
2012-07-18 19:35:00,-0.55,423.6,-16.0
2012-07-18 19:40:00,-0.38,392.3,-16.0
2012-07-18 19:45:00,-1.13,424.7,-15.0
2012-07-18 19:50:00,-0.93,445.0,-15.0
2012-07-18 19:55:00,-1.19,417.3,-15.0
2012-07-18 20:00:00,-1.66,425.6,-15.0
2012-07-18 20:05:00,-2.52,427.0,-14.0
2012-07-18 20:10:00,-1.63,435.5,-14.0
2012-07-18 20:15:00,-0.27,413.3,-14.0
2012-07-18 20:20:00,-0.16,400.2,-15.0
2012-07-18 20:25:00,-0.01,399.6,-16.0
2012-07-18 20:30:00,0.0,409.8,-18.0
2012-07-18 20:35:00,0.64,410.3,-17.0
2012-07-18 20:40:00,1.23,415.9,-17.0
2012-07-18 20:45:00,1.36,415.1,-18.0
2012-07-18 20:50:00,1.41,418.0,-18.0
2012-07-18 20:55:00,0.65,416.9,-19.0
2012-07-18 21:00:00,-1.03,408.6,-19.0
2012-07-18 21:05:00,0.01,409.7,-19.0
2012-07-18 21:10:00,-0.48,395.4,-19.0
2012-07-18 21:15:00,-0.54,390.6,-19.0
2012-07-18 21:20:00,-0.9,403.2,-18.0
2012-07-18 21:25:00,0.01,414.1,-18.0
2012-07-18 21:30:00,1.15,411.5,-18.0
2012-07-18 21:35:00,-0.07,420.2,-18.0
2012-07-18 21:40:00,0.15,426.2,-18.0
2012-07-18 21:45:00,-0.99,442.8,-17.0
2012-07-18 21:50:00,-1.43,428.8,-17.0
2012-07-18 21:55:00,-1.11,441.2,-17.0
2012-07-18 22:00:00,-1.16,421.3,-17.0
2012-07-18 22:05:00,0.42,456.9,-18.0
2012-07-18 22:10:00,1.9,471.9,-16.0
2012-07-18 22:15:00,2.71,484.4,-15.0
2012-07-18 22:20:00,-0.19,480.8,-16.0
2012-07-18 22:25:00,-1.41,441.9,-16.0
2012-07-18 22:30:00,-1.6,452.5,-16.0
2012-07-18 22:35:00,-1.1,438.4,-16.0
2012-07-18 22:40:00,-0.95,424.4,-16.0
2012-07-18 22:45:00,1.58,414.1,-17.0
2012-07-18 22:50:00,2.61,414.8,-17.0
2012-07-18 22:55:00,1.79,412.0,-17.0
2012-07-18 23:00:00,2.32,412.5,-16.0
2012-07-18 23:05:00,1.5,444.0,-16.0
2012-07-18 23:10:00,0.59,398.2,-16.0
2012-07-18 23:15:00,0.48,389.9,-16.0
2012-07-18 23:20:00,0.54,397.5,-17.0
2012-07-18 23:25:00,0.07,391.0,-17.0
2012-07-18 23:30:00,-2.1,431.2,-16.0
2012-07-18 23:35:00,-2.8,451.3,-14.0
2012-07-18 23:40:00,-2.94,430.0,-15.0
2012-07-18 23:45:00,-0.82,423.7,-15.0
2012-07-18 23:50:00,1.88,416.1,-16.0
2012-07-18 23:55:00,1.46,,-16.0
